# MySician run log
build	unknown build
song	Papa Roach - Reckless
notes_written	2661
notes_reached	2661
notes_not_reached	0
reached_ms	207805
song_ms	207805
played_to_the_end	True
tempo_percent	100
hit_window_ms	150
sync_offset_ms	-263
audio_offset_ms	15231.2
late_window_ms	430
strike_delay_median	408
strike_delay_worst_tenth	426
strike_delay_budget	580	+154 ms spare at the worst tenth
strike_delay_over_budget_percent	0	(0 of 811 strikes arrived after their note had been marked missed)
audio_anchor_ms	0.0
audio_anchor_song_ms	15493.9
audio_anchors	1
audio_anchor_at	18s:17291ms(+0)
sample_rate	44100
input_device	Mikrofon (Scarlett Solo USB) — index 1, 2 of 2 channel(s) at 44100 Hz
dropped_buffers	0
output_device	44100 Hz, 16-bit, 2 ch, 2048 frame buffer (46 ms)
midi_output	Microsoft GS Wavetable Synth
worst_note_backlog	5
worst_window_backlog	1
engraver	ready
noise_gate_db	-50	von Hand
level_loudest_db	-6.6
level_median_playing_db	-14.4
level_under_gate_percent	3
level_room_db	(nicht gemessen)
confidence_threshold	0.8
onset_threshold	0.05
calibrated	True
chord_verify	True
bend_check	True
chord_partial_credit	False
max_fret	24
active_strings	[True, True, True, True, True, True]
wait_mode	False
hits	2016
close	23
misses	622
chord_of_3	917/1005	91%
chord_of_4	102/132	77%
chord_of_6	1020/1524	67%
notes_heard_as_themselves	386
notes_credited_to_a_strum	1653
strings_taken_back	24
chord_windows_judged	205
windows_dropped_short	453
rescued_notes	0
rescue_held	0
rescue_no_window	0
rescue_asked	0
rescue_already_credited	0
rescue_refused	0
bends_judged	0
bends_short	0
mp3_worst_drift_ms	636
mp3_resyncs	0
mp3_worst_seek_ms	0
mp3_time_scale	1.000
mp3_sync_points	40	0s:-52ms 3s:+1040ms 6s:+1042ms 12s:+928ms 15s:+952ms 20s:+815ms 26s:+747ms 29s:+772ms 35s:+704ms 38s:+612ms 41s:+614ms 44s:+545ms 47s:+546ms 50s:+478ms 61s:+366ms 79s:+94ms 94s:-16ms 97s:-108ms 100s:-107ms 105s:-221ms 111s:-242ms 114s:-334ms 126s:-329ms 129s:-119ms 132s:-141ms 135s:-419ms 138s:-627ms 140s:-626ms 143s:-694ms 152s:-760ms 155s:-829ms 158s:-828ms 173s:-1054ms 179s:-1075ms 190s:-1257ms 193s:-1627ms 196s:-1672ms 199s:-1811ms 202s:-1810ms 205s:-2134ms
mp3_sync_sections	39	+11.11% +0.04% -1.91% +0.84% -2.29% -1.14% +0.84% -1.14% -3.04% +0.04% -2.29% +0.04% -2.29% -0.95% -1.52% -0.75% -3.04% +0.04% -1.91% -0.36% -3.04% +0.04% +7.73% -0.75% -8.66% -6.63% +0.04% -2.29% -0.75% -2.29% +0.04% -1.52% -0.36% -1.52% -9.09% -1.53% -4.51% +0.04% -9.09%
mp3_sync_covers	0-205s of 208s	99%
mp3_worst_pull_ms	628
mp3_snaps	0
mp3_leads	yes
seeks	1
frame_ms_median	14.4
frame_ms_worst_tenth	19.9
frame_ms_worst	40.9
frames_over_budget_percent	26
frames_measured	3600
frame_interval_median	16.88
frame_interval_best_tenth	14.32
frame_interval_worst_tenth	21.82
frames_per_second_shown	59.2
frames_uneven_percent	21
frame_intervals_measured	3600
vsync	on, window resizable
pacing	system timer
clock_real_s	192.3
clock_song_s	192.3
clock_ratio	1.0000
clock_lost_ms	0
clock_stalls	0
timing_samples	10
timing_ambiguous	550

# every strike the audio thread produced
strike_ms	adjusted_ms	playback_ms	midi	conf	unpitched	subharm	outcome	note_ms	semitones
301.9	17615.7	18024.3	0	0.00	1	0	chord	17561.0	
522.4	17846.3	18235.0	0	0.00	1	0	chord	17926.8	
626.9	17958.2	18391.2	42	0.98	0	1	unmatched		
905.6	18249.2	18666.9	42	0.92	0	1	hit	18109.8	0
905.6	905.6	905.6	57	0.00	0	0	string_taken_back	18109.8	
1288.7	18634.1	19052.4	42	0.92	0	1	hit	18658.5	0
1288.7	1288.7	1288.7	57	0.00	0	0	string_taken_back	18658.5	
1660.2	19005.0	19417.0	42	0.97	0	1	hit	19024.4	0
2089.8	19433.5	19858.5	42	0.88	0	1	hit	19390.2	0
2322.0	19666.5	20076.5	42	0.95	0	1	hit	19756.1	0
2449.7	19791.8	20138.4	0	0.00	1	0	unmatched		
2519.4	19864.8	20273.0	0	0.00	1	0	unmatched		
2809.6	20156.4	20573.2	0	0.00	1	0	chord	20122.0	
3192.7	20538.8	20942.7	42	0.88	0	1	hit	20487.8	0
3610.7	20954.7	21282.6	42	0.80	0	1	hit	20853.7	0
3668.8	21011.9	21432.8	42	0.83	0	1	hit	21036.6	0
3993.8	21340.3	21741.3	42	0.85	0	1	hit	21219.5	0
4377.0	21721.8	22125.0	42	0.84	0	1	hit	21585.4	0
4736.9	22082.4	22520.7	42	0.82	0	1	hit	21951.2	0
5178.0	22521.7	22919.9	0	0.00	1	0	unmatched		
5538.0	22884.2	23307.1	0	0.00	1	0	unmatched		
6211.3	23557.6	23963.3	0	0.00	1	0	chord	23414.6	
6559.6	23904.5	24244.2	0	0.00	1	0	chord	23963.4	
6617.7	23963.3	24393.0	0	0.00	1	0	unmatched		
7430.4	24774.1	25193.3	0	0.00	1	0	chord	24878.0	
7720.6	25063.6	25474.6	0	0.00	1	0	chord	25061.0	
8057.3	25403.1	25818.4	42	0.83	0	1	hit	25243.9	0
8347.6	25692.8	26085.7	0	0.00	1	0	chord	25609.8	
8544.9	25890.2	26301.9	0	0.00	1	0	chord	25975.6	
8858.4	26205.0	26575.4	0	0.00	1	0	chord	26158.5	
8951.3	26296.1	26721.7	50	1.00	0	1	hit	26341.5	0
9218.3	26562.4	26952.5	50	1.00	0	1	hit	26707.3	0
9531.8	26877.9	27206.7	50	0.91	0	1	unmatched		
9601.5	26948.5	27345.2	50	1.00	0	1	hit	27073.2	0
9891.7	27235.2	27559.8	0	0.00	1	0	unmatched		
9949.8	27295.7	27695.4	50	1.00	0	1	hit	27439.0	0
10263.2	27608.5	27943.4	50	0.85	0	1	unmatched		
10332.9	27676.4	28072.2	50	1.00	0	1	hit	27804.9	0
10681.2	28028.0	28361.2	0	0.00	1	0	chord	28170.7	
10739.2	28086.0	28508.2	50	1.00	0	1	unmatched		
11029.5	28374.7	28708.9	0	0.00	1	0	unmatched		
11087.5	28431.9	28842.8	50	1.00	0	1	hit	28536.6	0
11401.0	28745.5	29057.9	0	0.00	1	0	unmatched		
11447.4	28793.5	29192.7	50	1.00	0	1	hit	28902.4	0
11586.8	28931.9	29344.5	50	0.95	0	1	unmatched		
11784.1	29128.4	29544.3	40	1.00	0	0	hit	29268.3	0
12178.9	29526.0	29924.5	40	1.00	0	0	hit	29634.1	0
12503.9	29847.7	30169.9	0	0.00	1	0	unmatched		
12562.0	29904.0	30315.2	40	1.00	0	0	hit	30000.0	0
12898.7	30244.1	30657.0	40	1.00	0	0	hit	30365.9	0
13235.4	30579.9	30992.2	40	1.00	0	0	unmatched		
13618.5	30963.9	31390.9	40	1.00	0	0	hit	31097.6	0
14036.5	31381.1	31809.5	40	1.00	0	0	hit	31463.4	0
14361.5	31705.3	32123.1	40	1.00	0	0	hit	31829.3	0
14558.9	31903.6	32321.1	45	0.82	0	0	unmatched		
14756.3	32100.3	32501.6	50	0.99	0	1	hit	32195.1	0
15081.4	32426.1	32852.4	50	1.00	0	1	hit	32561.0	0
15476.1	32823.3	33237.7	50	1.00	0	1	hit	32926.8	0
15847.6	33192.1	33519.7	0	0.00	1	0	chord	33292.7	
15905.7	33250.2	33655.0	50	1.00	0	1	unmatched		
16219.1	33564.4	33969.4	50	1.00	0	1	hit	33658.5	0
16579.0	33922.6	34351.0	50	1.00	0	1	hit	34024.4	0
16973.8	34317.9	34724.2	50	1.00	0	1	hit	34390.2	0
17322.1	34666.4	35087.5	50	1.00	0	1	hit	34756.1	0
17565.9	34912.7	35320.9	45	0.93	0	0	unmatched		
17751.7	35096.7	35503.0	40	1.00	0	0	hit	35122.0	0
18053.5	35397.1	35808.0	40	1.00	0	0	hit	35487.8	0
18425.0	35770.5	36189.0	40	1.00	0	0	hit	35853.7	0
18843.0	36188.9	36620.7	40	1.00	0	0	hit	36219.5	0
19179.7	36523.4	36939.4	40	1.00	0	0	hit	36585.4	0
19562.8	36908.0	37310.3	40	1.00	0	0	hit	36951.2	0
19713.7	37058.0	37475.6	40	0.99	0	0	unmatched		
19934.3	37279.4	37705.6	45	0.99	0	0	dead	37317.1	
20259.4	37604.8	38012.8	64	0.98	0	0	dead	37682.9	
20538.0	37881.0	38255.5	0	0.00	1	0	dead	37865.9	
20619.3	37962.2	38391.8	45	0.96	0	0	hit	38048.8	0
20793.5	38138.5	38588.1	45	0.96	0	1	unmatched		
21014.1	38358.4	38764.6	45	0.99	0	1	hit	38414.6	0
21350.7	38695.6	39123.8	45	0.99	0	1	hit	38780.5	0
21350.7	21350.7	21350.7	45	0.00	0	0	string_taken_back	38780.5	
21757.1	39103.0	39495.5	45	1.00	0	1	hit	39146.3	0
22082.2	39427.5	39749.2	0	0.00	1	0	chord	39512.2	
22128.6	39473.3	39893.5	45	0.99	0	1	unmatched		
22465.3	39809.4	40223.0	45	1.00	0	1	hit	39878.0	0
22883.3	40225.7	40646.6	45	1.00	0	1	hit	40243.9	0
23173.5	40519.4	40897.1	51	0.82	0	1	close	40609.8	1
23266.4	40613.1	41041.8	42	0.99	0	1	unmatched		
23626.3	40971.0	41382.2	42	0.90	0	1	hit	40975.6	0
24009.4	41352.6	41772.1	42	0.99	0	1	hit	41341.5	0
24381.0	41725.3	42146.0	42	0.99	0	1	hit	41707.3	0
24740.9	42085.4	42493.6	42	1.00	0	1	hit	42073.2	0
25147.2	42491.3	42935.0	42	1.00	0	1	hit	42439.0	0
25472.3	42814.2	43229.9	42	1.00	0	1	hit	42804.9	0
25878.6	43225.1	43649.0	42	0.99	0	1	hit	43170.7	0
26064.4	43409.5	43826.7	41	0.90	0	1	close	43536.6	1
26250.2	43592.1	44005.1	50	0.98	0	1	unmatched		
26610.1	43953.9	44379.9	50	1.00	0	1	hit	43902.4	0
26946.8	44291.0	44615.1	0	0.00	1	0	chord	44268.3	
27004.8	44349.2	44762.6	50	1.00	0	1	unmatched		
27306.7	44652.3	44975.2	0	0.00	1	0	chord	44634.1	
27364.7	44710.2	45112.0	50	1.00	0	1	unmatched		
27713.0	45059.5	45471.3	50	1.00	0	1	hit	45000.0	0
28096.1	45442.1	45852.2	50	1.00	0	1	hit	45365.9	0
28456.1	45802.9	46127.5	0	0.00	1	0	chord	45731.7	
28502.5	45849.5	46256.5	50	1.00	0	1	unmatched		
28885.6	46230.9	46648.3	50	1.00	0	1	hit	46097.6	0
29048.2	46391.8	46825.2	0	0.00	1	0	chord	46463.4	
29245.5	46590.8	46993.4	40	0.99	0	1	unmatched		
29605.4	46949.0	47367.3	40	0.93	0	0	hit	46829.3	0
29942.1	47286.8	47692.2	40	0.90	0	0	hit	47195.1	0
30360.1	47704.9	48110.9	40	1.00	0	1	hit	47561.0	0
30743.2	48088.7	48488.7	40	1.00	0	1	hit	47926.8	0
31103.1	48449.2	48867.3	40	1.00	0	1	hit	48292.7	0
31451.4	48795.8	49210.8	40	0.99	0	1	hit	48658.5	0
31614.0	48955.9	49352.7	40	0.98	0	0	hit	49024.4	0
31811.3	49154.9	49573.8	44	0.99	0	1	unmatched		
31950.7	49294.5	49712.1	45	0.93	0	1	unmatched		2
32113.2	49458.8	49813.5	0	0.00	1	0	unmatched		
32194.5	49540.1	49948.1	45	1.00	0	1	unmatched		
32519.5	49863.5	50192.9	0	0.00	1	0	chord	49756.1	
32577.6	49922.4	50342.3	45	1.00	0	1	unmatched		
32902.7	50245.8	50640.5	45	1.00	0	1	hit	50122.0	0
33262.6	50606.4	51025.9	45	1.00	0	1	hit	50487.8	0
33599.3	50943.8	51355.1	45	1.00	0	1	hit	50853.7	0
34005.6	51351.4	51759.3	45	1.00	0	1	hit	51219.5	0
34307.5	51652.4	52077.5	45	1.00	0	1	hit	51585.4	0
34725.4	52071.9	52496.4	45	0.99	0	1	hit	51951.2	0
34876.4	52220.3	52627.7	49	0.83	0	1	unmatched		3
35062.1	52406.2	52824.1	42	0.99	0	1	unmatched		
35480.1	52824.8	53226.9	42	1.00	0	1	hit	52682.9	0
35840.0	53183.9	53616.8	42	0.99	0	1	hit	53048.8	0
36234.7	53579.9	53991.4	42	0.99	0	1	hit	53414.6	0
36606.3	53952.6	54381.0	42	1.00	0	1	unmatched		
36977.8	54322.4	54717.2	42	0.99	0	1	hit	54146.3	0
37360.9	54708.7	55117.8	42	1.00	0	1	unmatched		
37732.4	55077.0	55493.0	42	0.99	0	1	unmatched		
38103.9	55449.2	55891.6	50	1.00	0	1	unmatched		
38452.2	55796.5	56216.6	50	1.00	0	1	unmatched		
38812.2	56157.9	56474.5	0	0.00	1	0	chord	55975.6	
38858.6	56202.1	56628.4	50	1.00	0	1	hit	56341.5	0
39172.1	56516.5	56859.7	0	0.00	1	0	unmatched		
39241.7	56586.8	56997.4	50	1.00	0	1	hit	56707.3	0
39543.6	56890.0	57228.2	0	0.00	1	0	unmatched		
39613.2	56959.9	57377.9	50	1.00	0	1	hit	57073.2	0
39915.1	57259.2	57607.9	0	0.00	1	0	unmatched		
39984.8	57331.4	57758.0	50	1.00	0	1	hit	57439.0	0
40286.6	57631.4	57962.5	50	0.82	0	1	unmatched		
40356.3	57701.7	58094.5	50	1.00	0	1	hit	57804.9	0
40356.3	40356.3	40356.3	50	0.00	0	0	string_taken_back	57804.9	
40634.9	57978.7	58372.1	0	0.00	1	0	unmatched		
40797.5	58144.6	58544.4	40	1.00	0	0	unmatched		5
41273.5	58616.4	59033.6	40	1.00	0	0	hit	58536.6	0
42318.4	59665.6	60085.5	40	0.96	0	0	unmatched		
43467.8	60814.8	61245.1	0	0.00	1	0	unmatched		
43827.7	61173.0	61543.5	0	0.00	1	0	unmatched		
43943.8	61287.7	61697.9	42	0.84	0	1	unmatched		
44338.5	61684.2	62103.3	42	0.90	0	1	hit	61829.3	0
44756.5	62102.8	62529.7	0	0.00	1	0	chord	62012.2	
44965.4	62312.5	62737.9	0	0.00	1	0	chord	62195.1	
45139.6	62482.6	62914.7	0	0.00	1	0	chord	62561.0	
45360.2	62704.1	63137.0	42	0.85	0	1	unmatched		
45522.7	62868.3	63330.0	0	0.00	1	0	chord	62926.8	
45731.7	63076.5	63500.7	0	0.00	1	0	chord	63109.8	
45917.5	63261.6	63679.4	0	0.00	1	0	chord	63292.7	
46091.6	63434.8	63844.9	0	0.00	1	0	unmatched		
46277.4	63622.8	64018.8	42	0.86	0	1	hit	63658.5	0
46463.1	63808.8	64229.9	42	0.84	0	1	unmatched		
46625.7	63970.1	64367.8	42	0.91	0	1	hit	64024.4	0
46834.6	64180.4	64628.1	0	0.00	1	0	chord	64207.3	
46974.0	64317.1	64728.5	0	0.00	1	0	chord	64390.2	
47171.3	64517.0	64927.8	42	0.91	0	1	unmatched		
47345.5	64689.6	65093.4	42	0.91	0	1	hit	64756.1	0
47554.5	64901.0	65303.3	0	0.00	1	0	chord	64939.0	
47717.0	65062.7	65484.7	42	0.88	0	1	hit	65122.0	0
47926.0	65271.8	65701.6	42	0.85	0	1	unmatched		
48088.5	65432.5	65822.9	42	0.83	0	1	hit	65487.8	0
48297.5	65643.5	66059.1	42	0.83	0	1	unmatched		
48471.7	65817.0	66222.1	42	0.89	0	1	hit	65853.7	0
48657.4	66000.7	66430.5	42	0.88	0	1	hit	66036.6	0
48854.8	66201.6	66609.0	0	0.00	1	0	chord	66219.5	
49052.2	66395.4	66810.7	0	0.00	1	0	unmatched		
49226.3	66571.5	66980.1	0	0.00	1	0	chord	66585.4	
49435.3	66780.4	67202.8	42	0.81	0	1	unmatched		
49563.0	66907.5	67329.0	0	0.00	1	0	chord	66951.2	
49795.2	67140.5	67546.1	0	0.00	1	0	chord	67134.1	
49946.1	67289.2	67724.5	0	0.00	1	0	chord	67317.1	
50155.1	67500.0	67913.7	42	0.86	0	1	unmatched		
50306.0	67652.8	68059.9	42	0.88	0	1	hit	67682.9	0
50549.8	67897.0	68309.6	0	0.00	1	0	chord	67865.9	
50700.8	68045.9	68449.1	42	0.88	0	1	hit	68048.8	0
50909.8	68256.7	68655.2	0	0.00	1	0	unmatched		
51060.7	68406.7	68838.1	0	0.00	1	0	chord	68414.6	
51269.7	68610.8	69047.1	42	0.82	0	1	unmatched		
51443.8	68788.3	69227.2	0	0.00	1	0	chord	68780.5	
51803.7	69146.8	69560.0	42	0.85	0	1	hit	69146.3	0
52024.3	69368.4	69762.5	0	0.00	1	0	chord	69512.2	
52186.8	69530.1	69931.1	0	0.00	1	0	unmatched		
52395.8	69741.5	70116.7	0	0.00	1	0	chord	69878.0	
52500.3	69846.0	70267.5	42	0.87	0	1	unmatched		
52755.7	70099.7	70502.6	0	0.00	1	0	chord	70061.0	
52941.5	70285.4	70701.5	0	0.00	1	0	chord	70243.9	
53138.9	70484.4	70872.8	0	0.00	1	0	chord	70609.8	
53313.0	70659.3	71056.3	0	0.00	1	0	chord	70792.7	
53510.4	70853.4	71269.0	42	0.81	0	1	hit	70975.6	0
53672.9	71019.6	71445.3	42	0.93	0	1	unmatched		
53870.3	71214.4	71625.0	0	0.00	1	0	chord	71341.5	
54021.2	71366.1	71793.0	0	0.00	1	0	unmatched		
54241.8	71586.6	71992.5	42	0.82	0	1	hit	71707.3	0
54416.0	71762.5	72163.8	42	0.83	0	1	hit	71890.2	0
54624.9	71970.4	72381.5	0	0.00	1	0	chord	72073.2	
54810.7	72153.7	72563.1	0	0.00	1	0	unmatched		
55008.1	72352.1	72769.2	42	0.85	0	1	hit	72439.0	0
55205.4	72549.7	72967.6	0	0.00	1	0	unmatched		
55379.6	72725.6	73152.3	0	0.00	1	0	chord	72804.9	
55530.5	72874.1	73297.7	42	0.83	0	1	hit	72987.8	0
55751.1	73097.9	73531.4	0	0.00	1	0	chord	73170.7	
55902.0	73247.9	73689.8	42	0.85	0	1	unmatched		
56099.4	73443.3	73842.2	0	0.00	1	0	chord	73536.6	
56262.0	73605.9	74024.9	0	0.00	1	0	chord	73719.5	
56598.6	73947.3	74273.1	0	0.00	1	0	chord	73902.4	
56656.7	74002.1	74401.6	0	0.00	1	0	unmatched		
56807.6	74152.4	74584.8	42	0.90	0	1	hit	74268.3	0
56981.8	74326.4	74755.1	42	0.81	0	1	unmatched		
57388.1	74734.5	75129.3	0	0.00	1	0	chord	74817.1	
57562.3	74906.3	75308.9	0	0.00	1	0	chord	75000.0	
57782.9	75127.6	75543.5	0	0.00	1	0	unmatched		
57922.2	75267.0	75693.0	0	0.00	1	0	chord	75365.9	
58131.2	75476.1	75920.4	0	0.00	1	0	unmatched		
58502.7	75848.4	76251.9	0	0.00	1	0	chord	75914.6	
58851.0	76194.4	76599.1	42	0.89	0	1	hit	76097.6	0
58851.0	58851.0	58851.0	42	0.00	0	0	string_taken_back	76097.6	
59222.5	76568.0	76977.4	42	0.95	0	1	hit	76463.4	0
59431.5	76777.0	77195.8	0	0.00	1	0	chord	76829.3	
59594.0	76939.5	77363.4	0	0.00	1	0	unmatched		
59803.0	77150.3	77568.4	0	0.00	1	0	chord	77195.1	
59965.5	77312.9	77718.9	0	0.00	1	0	unmatched		
60337.1	77682.8	78087.8	0	0.00	1	0	chord	77743.9	
60546.0	77891.6	78303.4	0	0.00	1	0	chord	77926.8	
60685.4	78031.0	78434.4	0	0.00	1	0	unmatched		
60905.9	78251.1	78655.1	0	0.00	1	0	chord	78292.7	
61080.1	78422.8	78835.2	45	0.81	0	1	unmatched		
61277.5	78623.5	79022.9	0	0.00	1	0	chord	78658.5	
61416.8	78763.6	79170.5	0	0.00	1	0	chord	78841.5	
61637.4	78982.6	79379.8	0	0.00	1	0	chord	79024.4	
61788.3	79133.6	79562.7	0	0.00	1	0	unmatched		
62008.9	79356.7	79771.4	0	0.00	1	0	chord	79390.2	
62183.0	79529.3	79934.7	0	0.00	1	0	chord	79573.2	
62531.3	79877.7	80287.5	42	0.83	0	1	hit	79756.1	0
62728.7	80073.4	80504.4	0	0.00	1	0	chord	80122.0	
62902.9	80246.6	80667.3	0	0.00	1	0	unmatched		
63100.2	80444.8	80850.8	0	0.00	1	0	chord	80487.8	
63216.3	80562.4	80988.2	0	0.00	1	0	chord	80670.7	
63483.4	80829.5	81234.4	0	0.00	1	0	chord	80853.7	
63634.3	80979.5	81396.1	42	0.84	0	1	unmatched		
63843.3	81187.6	81632.6	0	0.00	1	0	chord	81219.5	
64029.0	81374.3	81800.6	0	0.00	1	0	unmatched		
64238.0	81585.9	82007.7	0	0.00	1	0	chord	81585.4	
64377.3	81722.2	82134.6	0	0.00	1	0	chord	81768.3	
64586.3	81931.1	82332.6	42	0.83	0	1	hit	81951.2	0
64772.1	82119.4	82517.4	0	0.00	1	0	unmatched		
65132.0	82475.8	82896.2	0	0.00	1	0	chord	82500.0	
65341.0	82686.5	83114.6	0	0.00	1	0	chord	82682.9	
65526.7	82873.2	83283.7	0	0.00	1	0	unmatched		
65886.6	83231.3	83630.3	0	0.00	1	0	unmatched		
66084.0	83430.1	83841.3	0	0.00	1	0	chord	83414.6	
66246.5	83591.0	84019.0	0	0.00	1	0	chord	83597.6	
66455.5	83801.0	84214.5	0	0.00	1	0	chord	83780.5	
66606.4	83950.3	84363.2	42	0.82	0	1	unmatched		
66803.8	84148.6	84563.0	0	0.00	1	0	chord	84146.3	
66978.0	84323.5	84754.8	0	0.00	1	0	unmatched		
67407.5	84753.6	85168.3	50	1.00	0	1	hit	84878.0	0
67848.7	85192.2	85614.7	50	1.00	0	1	hit	85243.9	0
68034.5	85379.5	85728.6	50	0.90	0	0	unmatched		
68115.7	85460.0	85861.0	50	1.00	0	1	hit	85609.8	0
68278.3	85623.3	86033.0	50	0.92	0	1	unmatched		
68452.4	85795.0	86129.6	0	0.00	1	0	unmatched		
68522.1	85864.7	86278.9	45	0.91	0	0	hit	85975.6	0
68649.8	85997.4	86416.9	50	1.00	0	1	unmatched		
68812.3	86159.1	86564.6	50	1.00	0	1	unmatched		
69009.7	86354.9	86762.9	50	0.99	0	1	hit	86341.5	0
69183.9	86528.2	86944.7	50	1.00	0	1	unmatched		
69381.2	86726.6	87153.6	50	1.00	0	1	hit	86707.3	0
69555.4	86899.9	87316.9	50	0.94	0	1	unmatched		
69741.1	87087.4	87499.5	50	0.88	0	1	hit	87073.2	0
69915.3	87259.1	87663.6	50	0.90	0	1	unmatched		
70112.7	87459.7	87849.3	50	0.99	0	1	hit	87439.0	0
70217.1	87561.7	87945.2	51	0.85	0	1	unmatched		
70333.2	87679.5	88096.5	40	1.00	0	0	hit	87804.9	0
70472.6	87815.3	88229.8	40	1.00	0	0	unmatched		
70635.1	87979.4	88397.4	40	1.00	0	0	unmatched		
70832.5	88177.5	88584.4	40	1.00	0	0	hit	88170.7	0
71018.2	88365.0	88785.8	40	1.00	0	0	unmatched		
71227.2	88570.7	88999.5	40	1.00	0	0	hit	88536.6	0
71366.5	88712.7	89135.3	40	1.00	0	0	unmatched		
71552.3	88898.4	89316.7	40	1.00	0	0	hit	88902.4	0
71726.4	89071.5	89485.3	40	1.00	0	0	unmatched		
71912.2	89255.2	89653.2	40	1.00	0	0	hit	89268.3	0
72132.8	89478.3	89904.4	40	1.00	0	0	unmatched		
72318.5	89665.7	90085.3	40	1.00	0	0	hit	89634.1	0
72469.5	89815.1	90214.9	40	1.00	0	0	unmatched		
72655.2	89999.9	90417.0	40	1.00	0	0	hit	90000.0	0
72852.6	90198.9	90609.5	40	1.00	0	0	unmatched		
73050.0	90395.4	90803.0	40	1.00	0	0	hit	90365.9	0
73189.3	90534.6	90918.6	0	0.00	1	0	unmatched		
73293.8	90638.2	91049.7	50	1.00	0	1	hit	90731.7	0
73467.9	90814.0	91235.4	50	1.00	0	1	unmatched		
73618.9	90965.6	91366.8	50	1.00	0	1	hit	91097.6	0
73851.1	91192.9	91615.6	50	1.00	0	1	unmatched		
73990.4	91333.2	91749.0	50	1.00	0	1	hit	91463.4	0
74176.1	91522.3	91918.3	50	1.00	0	1	unmatched		
74350.3	91697.2	92033.9	0	0.00	1	0	chord	91829.3	
74396.7	91743.6	92166.9	50	1.00	0	1	unmatched		
74559.3	91905.4	92303.4	50	1.00	0	1	unmatched		
74721.8	92067.8	92473.1	50	1.00	0	1	hit	92195.1	0
74919.2	92267.6	92688.8	50	1.00	0	1	unmatched		
75104.9	92451.6	92858.0	50	1.00	0	1	hit	92561.0	0
75302.3	92646.5	93070.4	50	1.00	0	1	unmatched		
75499.7	92843.9	93253.7	50	1.00	0	1	hit	92926.8	0
75685.4	93031.2	93454.1	50	1.00	0	1	unmatched		
75871.2	93217.0	93636.0	50	1.00	0	1	hit	93292.7	0
76045.4	93391.1	93767.0	50	0.90	0	1	unmatched		
76161.5	93506.1	93878.1	51	0.85	0	1	unmatched		
76265.9	93612.6	94002.7	40	1.00	0	0	hit	93658.5	0
76393.7	93739.4	94151.7	40	1.00	0	0	unmatched		
76591.0	93936.0	94364.5	40	1.00	0	0	hit	94024.4	0
76811.6	94155.8	94567.3	40	1.00	0	0	unmatched		
76974.1	94320.3	94736.5	40	1.00	0	0	hit	94390.2	0
77148.3	94495.3	94920.1	40	1.00	0	0	unmatched		
77368.9	94711.7	95132.2	40	1.00	0	0	hit	94756.1	0
77554.6	94901.6	95304.9	40	1.00	0	0	unmatched		
77740.4	95084.3	95500.2	40	1.00	0	0	hit	95122.0	0
77891.3	95236.1	95652.1	40	0.89	0	0	unmatched		
78053.9	95397.8	95815.4	59	0.99	0	0	hit	95487.8	0
78471.8	95818.0	96233.6	64	0.98	0	0	dead	95853.7	
78704.0	96046.8	96444.4	40	0.99	0	0	dead	96036.6	
78889.8	96234.2	96650.4	40	1.00	0	0	dead	96219.5	
79040.7	96386.0	96801.4	40	0.98	0	0	dead	96402.4	
79214.9	96560.1	96967.0	45	0.99	0	1	hit	96585.4	0
79574.8	96918.8	97318.3	45	0.99	0	1	hit	96951.2	0
79934.7	97280.3	97700.1	45	0.99	0	1	hit	97317.1	0
80224.9	97570.6	97914.3	45	0.92	0	0	hit	97682.9	0
80294.6	97642.0	98049.4	45	1.00	0	1	unmatched		
80654.5	97999.8	98408.3	45	0.99	0	1	hit	98048.8	0
81026.0	98371.9	98776.2	45	1.00	0	1	hit	98414.6	0
81409.2	98752.6	99169.8	45	0.99	0	1	hit	98780.5	0
81780.7	99125.1	99553.7	45	0.96	0	1	hit	99146.3	0
82129.0	99473.3	99905.5	42	0.99	0	1	hit	99512.2	0
82512.1	99858.5	100284.6	42	0.99	0	1	hit	99878.0	0
82512.1	82512.1	82512.1	42	0.00	0	0	string_taken_back	99878.0	
82906.8	100252.2	100670.3	42	0.99	0	1	hit	100243.9	0
82906.8	82906.8	82906.8	42	0.00	0	0	string_taken_back	100243.9	
83313.2	100658.0	101088.2	42	0.99	0	1	hit	100609.8	0
83673.1	101018.9	101438.6	42	0.99	0	1	hit	100975.6	0
84021.4	101365.6	101783.3	42	1.00	0	1	hit	101341.5	0
84404.5	101749.1	102157.7	42	1.00	0	1	hit	101707.3	0
84776.1	102119.8	102552.3	42	0.98	0	1	hit	102073.2	0
85159.2	102504.6	102935.1	50	1.00	0	1	hit	102439.0	0
85461.0	102809.0	103139.6	0	0.00	1	0	chord	102804.9	
85519.1	102865.3	103279.2	50	1.00	0	1	unmatched		
85786.1	103132.4	103495.5	50	0.97	0	1	hit	103170.7	0
85867.4	103213.8	103631.2	50	1.00	0	1	unmatched		
86169.3	103512.7	103871.3	0	0.00	1	0	chord	103536.6	
86238.9	103581.6	104005.9	50	1.00	0	1	unmatched		
86540.8	103884.7	104235.6	50	0.81	0	1	hit	103902.4	0
86610.4	103954.0	104384.3	50	1.00	0	1	unmatched		
86923.9	104269.8	104601.9	0	0.00	1	0	chord	104268.3	
86982.0	104326.7	104739.1	50	1.00	0	1	unmatched		
87295.4	104641.6	104987.3	0	0.00	1	0	chord	104634.1	
87353.5	104699.6	105119.4	50	1.00	0	1	unmatched		
87725.0	105068.6	105465.5	50	1.00	0	1	hit	105000.0	0
87864.3	105211.3	105604.7	45	0.83	0	1	unmatched		
88096.5	105442.6	105854.3	40	1.00	0	1	hit	105365.9	0
88491.2	105837.7	106267.1	40	1.00	0	1	hit	105731.7	0
88862.8	106207.1	106644.4	40	0.99	0	1	hit	106097.6	0
89222.7	106567.6	106994.4	40	0.99	0	1	hit	106463.4	0
89582.6	106927.3	107343.4	40	0.99	0	1	hit	106829.3	0
89954.1	107299.5	107702.1	40	0.99	0	1	hit	107195.1	0
90314.0	107659.5	108083.4	40	1.00	0	1	hit	107561.0	0
90685.5	108031.4	108437.0	40	0.99	0	1	hit	107926.8	0
91045.4	108389.8	108803.4	45	1.00	0	1	hit	108292.7	0
91428.6	108773.0	109203.8	45	1.00	0	1	hit	108658.5	0
91788.5	109133.8	109555.6	45	0.99	0	1	hit	109024.4	0
91788.5	91788.5	91788.5	45	0.00	0	0	string_taken_back	109024.4	
92148.4	109493.6	109894.2	45	0.99	0	1	hit	109390.2	0
92148.4	92148.4	92148.4	45	0.00	0	0	string_taken_back	109390.2	
92531.5	109877.6	110275.7	45	0.99	0	1	hit	109756.1	0
92531.5	92531.5	92531.5	45	0.00	0	0	string_taken_back	109756.1	
92891.4	110237.1	110672.2	45	1.00	0	1	hit	110122.0	0
92891.4	92891.4	92891.4	45	0.00	0	0	string_taken_back	110122.0	
93309.4	110655.4	111083.4	45	1.00	0	1	unmatched		
93657.7	111002.1	111428.5	45	0.99	0	1	hit	110853.7	0
93831.8	111175.5	111599.0	46	0.94	0	1	unmatched		3
94029.2	111375.1	111774.1	42	0.99	0	1	unmatched		
94354.3	111700.4	112124.3	42	0.99	0	1	hit	111585.4	0
94749.0	112096.0	112511.6	42	0.99	0	1	hit	111951.2	0
94749.0	94749.0	94749.0	42	0.00	0	0	string_taken_back	111951.2	
95085.7	112430.4	112853.1	42	1.00	0	1	hit	112317.1	0
95480.5	112824.3	113244.2	42	0.99	0	1	hit	112682.9	0
95480.5	95480.5	95480.5	42	0.00	0	0	string_taken_back	112682.9	
95840.4	113185.5	113586.2	42	0.99	0	1	hit	113048.8	0
96258.3	113605.0	114004.3	42	1.00	0	1	unmatched		
96606.6	113949.8	114350.5	42	1.00	0	1	hit	113780.5	0
96989.8	114336.2	114735.8	50	0.89	0	1	unmatched		
97291.6	114634.4	114974.1	50	0.91	0	1	hit	114512.2	0
97361.3	114708.1	115127.3	50	1.00	0	1	unmatched		
97663.1	115009.2	115362.2	50	0.87	0	1	hit	114878.0	0
97732.8	115078.0	115494.4	50	1.00	0	1	unmatched		
98011.4	115355.9	115713.2	50	0.94	0	1	hit	115243.9	0
98081.1	115425.5	115845.3	50	1.00	0	1	unmatched		
98382.9	115729.9	116064.0	50	0.94	0	1	hit	115609.8	0
98452.6	115798.7	116193.9	50	1.00	0	1	unmatched		
98754.5	116101.8	116445.5	0	0.00	1	0	chord	115975.6	
98824.1	116170.8	116582.1	50	1.00	0	1	unmatched		
99126.0	116471.0	116785.4	0	0.00	1	0	chord	116341.5	
99184.0	116528.3	116921.3	50	1.00	0	1	unmatched		
99427.8	116772.9	117172.5	50	0.87	0	1	hit	116707.3	0
99903.9	117248.8	117673.5	40	1.00	0	0	unmatched		
100275.4	117621.9	118040.7	40	1.00	0	0	unmatched		
100588.8	117934.8	118293.3	40	0.94	0	0	hit	117804.9	0
100658.5	118003.6	118423.5	40	1.00	0	0	unmatched		
100948.8	118297.1	118641.4	52	0.95	0	0	hit	118170.7	0
101030.0	118375.8	118773.5	40	1.00	0	0	unmatched		
101320.3	118663.5	119009.6	40	0.91	0	0	hit	118536.6	0
101401.5	118749.0	119164.4	40	1.00	0	0	unmatched		
101749.8	119095.6	119508.4	40	1.00	0	0	unmatched		
102133.0	119477.8	119889.6	40	1.00	0	0	unmatched		
102260.7	119605.5	120021.7	40	0.91	0	0	hit	119634.1	0
102852.8	120199.3	120622.3	42	0.93	0	1	unmatched		
103247.5	120593.9	121014.5	0	0.00	1	0	chord	120548.8	
103595.8	120942.5	121354.2	42	0.90	0	1	unmatched		
103816.4	121162.4	121557.2	42	0.85	0	1	hit	121097.6	0
104013.8	121357.3	121774.2	42	0.89	0	1	hit	121463.4	0
104385.3	121731.2	122152.4	50	0.83	0	1	close	121646.3	1
104385.3	104385.3	104385.3	42	0.00	0	0	string_taken_back	121646.3	
104768.4	122111.0	122532.9	0	0.00	1	0	chord	122195.1	
104977.4	122323.4	122752.5	0	0.00	1	0	unmatched		
105163.2	122509.4	122925.1	0	0.00	1	0	chord	122561.0	
105372.2	122717.5	123124.9	0	0.00	1	0	chord	122743.9	
105557.9	122903.5	123297.6	0	0.00	1	0	chord	122926.8	
105720.5	123066.5	123439.2	43	0.92	0	1	unmatched		
105824.9	123170.2	123554.2	50	0.88	0	1	hit	123292.7	0
105941.0	123285.3	123685.1	50	0.99	0	1	unmatched		
106150.0	123494.3	123901.9	50	0.98	0	1	hit	123475.6	0
106324.2	123669.5	124070.2	50	0.99	0	1	hit	123658.5	0
106521.5	123867.7	124286.3	50	0.98	0	1	unmatched		
106672.5	124017.6	124420.8	50	0.99	0	1	hit	124024.4	0
107125.3	124468.6	124868.4	50	0.99	0	1	hit	124390.2	0
107496.8	124841.0	125244.5	50	0.99	0	1	hit	124756.1	0
107821.9	125169.4	125566.9	50	1.00	0	1	hit	125122.0	0
108123.7	125468.2	125885.6	50	0.92	0	1	hit	125487.8	0
108123.7	108123.7	108123.7	66	0.00	0	0	string_taken_back	125487.8	
108123.7	108123.7	108123.7	57	0.00	0	0	string_taken_back	125487.8	
108530.1	125874.5	126303.7	0	0.00	1	0	chord	125853.7	
108762.3	126107.4	126505.7	42	0.99	0	1	hit	126219.5	0
108971.2	126317.6	126725.6	42	0.95	0	1	hit	126402.4	0
109191.8	126537.1	126963.1	0	0.00	1	0	chord	126585.4	
109366.0	126712.2	127146.7	0	0.00	1	0	unmatched		
109575.0	126920.9	127348.0	0	0.00	1	0	chord	126951.2	
109760.7	127107.8	127525.1	0	0.00	1	0	unmatched		
109946.5	127292.9	127690.2	0	0.00	1	0	chord	127317.1	
110167.1	127512.5	127939.2	0	0.00	1	0	chord	127500.0	
110329.6	127676.7	128074.9	0	0.00	1	0	chord	127682.9	
110527.0	127871.5	128272.4	0	0.00	1	0	unmatched		
110689.5	128035.7	128462.2	0	0.00	1	0	chord	128048.8	
110910.1	128252.3	128668.5	0	0.00	1	0	unmatched		
111130.7	128477.0	128873.9	0	0.00	1	0	chord	128414.6	
111304.9	128649.7	129062.1	0	0.00	1	0	chord	128597.6	
111606.7	128951.0	129352.1	50	0.95	0	1	hit	128780.5	0
111862.1	129208.9	129626.0	50	0.97	0	1	hit	129146.3	0
111989.8	129337.1	129750.5	50	0.96	0	1	hit	129329.3	0
112431.0	129774.9	130204.6	50	0.89	0	1	hit	129878.0	0
112837.4	130181.4	130573.1	50	0.97	0	1	hit	130243.9	0
113011.5	130358.7	130759.2	50	0.88	0	1	hit	130426.8	0
113208.9	130553.8	130971.4	50	0.90	0	1	hit	130609.8	0
113417.9	130764.9	131181.9	50	0.90	0	1	unmatched		
113615.2	130959.4	131378.5	50	0.91	0	1	hit	130975.6	0
113975.1	131321.1	131725.4	50	0.93	0	1	hit	131341.5	0
114335.1	131678.4	132077.7	50	0.88	0	1	hit	131524.4	0
114567.3	131914.8	132329.7	40	0.86	0	1	unmatched		
114776.2	132121.2	132530.7	47	0.96	0	1	unmatched		2
114985.2	132329.3	132735.6	42	1.00	0	1	hit	132256.1	0
115136.1	132482.8	132888.4	42	1.00	0	1	hit	132439.0	0
115380.0	132726.7	133138.5	42	0.98	0	1	hit	132804.9	0
115542.5	132887.7	133305.7	42	0.99	0	1	unmatched		
115716.6	133061.9	133480.3	42	0.98	0	1	hit	133170.7	0
115716.6	115716.6	115716.6	57	0.00	0	0	string_taken_back	133170.7	
116076.6	133422.7	133815.6	0	0.00	1	0	chord	133353.7	
116308.8	133654.8	134066.4	0	0.00	1	0	chord	133536.6	
116680.3	134027.2	134448.2	42	0.83	0	1	hit	133902.4	0
117028.6	134371.1	134801.7	42	0.87	0	1	hit	134268.3	0
117388.5	134734.9	135142.9	43	0.96	0	0	unmatched		2
117609.1	134954.8	135342.1	50	0.99	0	1	hit	135000.0	0
118178.0	135523.1	135943.9	50	0.98	0	1	hit	135365.9	0
118340.5	135684.0	136092.3	50	0.99	0	1	hit	135731.7	0
118712.0	136057.4	136461.4	50	0.99	0	1	hit	136097.6	0
118862.9	136206.4	136611.5	50	0.99	0	1	hit	136280.5	0
119095.1	136439.3	136843.8	50	0.98	0	1	hit	136463.4	0
119269.3	136616.7	137028.8	50	0.99	0	1	unmatched		
119652.4	136995.8	137408.7	50	0.98	0	1	hit	136829.3	0
120221.3	137567.9	137976.3	41	0.93	0	1	hit	137561.0	0
120639.3	137986.5	138390.8	41	1.00	0	1	hit	137926.8	0
120917.9	138264.5	138623.7	41	0.93	0	1	hit	138292.7	0
121022.4	138368.0	138774.9	41	0.99	0	1	unmatched		
121289.4	138636.6	139007.6	41	0.88	0	1	hit	138658.5	0
121382.3	138729.4	139143.3	41	0.99	0	1	unmatched		
121753.8	139099.0	139507.5	41	0.99	0	1	hit	139024.4	0
122090.5	139436.4	139842.8	41	0.99	0	1	hit	139390.2	0
122485.3	139830.3	140228.0	41	0.99	0	1	hit	139756.1	0
122856.8	140203.4	140612.8	41	0.99	0	1	hit	140122.0	0
123030.9	140375.0	140792.1	46	0.93	0	1	unmatched		3
123228.3	140564.9	141000.5	43	0.99	0	1	unmatched		
123588.2	140908.2	141316.3	43	0.99	0	1	hit	140853.7	0
123588.2	123588.2	123588.2	43	0.00	0	0	string_taken_back	140853.7	
124006.2	141305.2	141715.0	43	0.99	0	1	hit	141219.5	0
124366.1	141647.8	142043.6	43	0.99	0	1	hit	141585.4	0
124737.6	141999.9	142412.5	43	0.99	0	1	hit	141951.2	0
125074.3	142319.3	142741.0	43	0.99	0	1	hit	142317.1	0
125074.3	125074.3	125074.3	43	0.00	0	0	string_taken_back	142317.1	
125469.0	142694.9	143105.5	45	0.94	0	0	dead	142682.9	
125840.5	143046.9	143476.2	45	0.86	0	0	dead	143048.8	
126014.7	143213.0	143628.3	42	0.87	0	1	dead	143231.7	
126200.5	143389.5	143803.7	44	0.82	0	1	close	143414.6	1
126397.8	143576.6	143998.8	45	0.91	0	0	unmatched		
126572.0	143741.7	144171.8	45	0.83	0	1	hit	143780.5	0
126572.0	126572.0	126572.0	45	0.00	0	0	string_taken_back	143780.5	
126920.3	144073.3	144489.1	45	0.92	0	1	hit	144146.3	0
126920.3	126920.3	126920.3	45	0.00	0	0	string_taken_back	144146.3	
127303.4	144437.4	144850.8	45	0.96	0	1	hit	144512.2	0
127303.4	127303.4	127303.4	45	0.00	0	0	string_taken_back	144512.2	
127698.1	144812.1	145230.6	45	0.98	0	1	hit	144878.0	0
127698.1	127698.1	127698.1	45	0.00	0	0	string_taken_back	144878.0	
128081.3	145176.2	145593.1	45	0.99	0	1	hit	145243.9	0
128429.6	145506.8	145929.2	45	1.00	0	1	hit	145609.8	0
128824.3	145883.2	146277.4	45	0.99	0	1	hit	145975.6	0
129172.6	146213.9	146611.5	42	0.99	0	1	hit	146341.5	0
129567.3	146587.7	147009.6	42	0.99	0	1	hit	146707.3	0
129938.9	146942.1	147335.0	42	0.99	0	1	hit	147073.2	0
130310.4	147293.3	147720.5	42	1.00	0	1	hit	147439.0	0
130681.9	147646.6	148067.4	42	1.00	0	1	unmatched		
131076.6	148022.1	148432.0	42	1.00	0	1	hit	148170.7	0
131436.6	148364.8	148759.2	42	1.00	0	1	unmatched		
131819.7	148728.5	149128.7	42	1.00	0	1	unmatched		
132168.0	149059.6	149455.4	42	0.99	0	1	hit	148902.4	0
132400.2	149279.3	149693.4	43	0.80	0	0	unmatched		2
132562.7	149433.1	149858.5	50	1.00	0	1	unmatched		
132829.8	149689.8	150055.9	50	0.91	0	1	hit	149634.1	0
132922.6	149775.9	150184.2	50	1.00	0	1	unmatched		
133212.9	150055.4	150388.2	50	0.87	0	0	hit	150000.0	0
133282.5	150118.4	150515.2	50	1.00	0	1	unmatched		
133561.2	150386.1	150723.3	50	0.87	0	1	hit	150365.9	0
133630.8	150449.0	150850.6	50	1.00	0	1	unmatched		
133932.7	150739.0	151077.3	50	0.97	0	1	hit	150731.7	0
134002.4	150801.5	151213.2	50	1.00	0	1	unmatched		
134315.8	151103.3	151435.1	50	0.96	0	1	hit	151097.6	0
134385.5	151165.4	151577.8	50	1.00	0	1	unmatched		
134664.1	151433.3	151781.7	50	0.84	0	1	hit	151463.4	0
134733.8	151496.2	151911.0	50	1.00	0	1	unmatched		
134977.6	151731.2	152078.1	50	1.00	0	1	hit	151829.3	0
135047.3	151797.4	152143.0	50	0.96	0	1	unmatched		
135116.9	151860.5	152268.4	50	1.00	0	1	unmatched		
135267.8	152004.8	152393.8	45	0.85	0	1	unmatched		
135500.0	152223.8	152644.7	40	0.99	0	1	hit	152195.1	0
135755.5	152469.4	152832.0	40	0.96	0	1	hit	152561.0	0
135860.0	152566.3	152975.8	40	1.00	0	1	unmatched		
136185.0	152874.6	153295.3	40	1.00	0	1	hit	152926.8	0
136556.6	153228.9	153621.5	40	0.99	0	1	hit	153292.7	0
136951.3	153602.7	154019.9	40	0.99	0	1	hit	153658.5	0
137311.2	153945.2	154350.2	40	0.99	0	1	hit	154024.4	0
137740.8	154353.8	154749.5	40	0.99	0	1	hit	154390.2	0
138065.9	154661.5	155078.4	40	0.99	0	1	hit	154756.1	0
138437.4	155015.6	155409.3	45	1.00	0	1	hit	155122.0	0
138820.5	155378.7	155789.6	45	1.00	0	1	hit	155487.8	0
139192.0	155731.9	156139.5	45	1.00	0	1	hit	155853.7	0
139528.7	156051.0	156473.5	45	1.00	0	1	unmatched		
139946.7	156463.3	156889.6	45	1.00	0	1	hit	156585.4	0
140306.6	156823.9	157240.4	45	1.00	0	1	hit	156951.2	0
140666.5	157184.1	157582.3	45	1.00	0	1	hit	157317.1	0
141061.2	157579.5	157974.1	45	0.99	0	1	hit	157682.9	0
141188.9	157708.0	158108.1	45	0.93	0	1	unmatched		
141421.1	157933.6	158351.6	42	0.99	0	1	hit	158048.8	0
141815.9	158324.2	158723.5	42	1.00	0	1	hit	158414.6	0
142187.4	158689.6	159088.8	42	1.00	0	1	hit	158780.5	0
142547.3	159043.6	159463.4	42	1.00	0	1	hit	159146.3	0
142930.4	159422.0	159826.9	42	1.00	0	1	hit	159512.2	0
143278.7	159766.2	160170.5	42	0.99	0	1	hit	159878.0	0
143638.6	160117.1	160545.6	42	1.00	0	1	hit	160243.9	0
144010.2	160485.6	160890.3	42	0.99	0	1	hit	160609.8	0
144381.7	160850.4	161259.1	50	1.00	0	1	hit	160975.6	0
144741.6	161206.9	161604.1	50	1.00	0	1	hit	161341.5	0
144962.2	161422.7	161780.5	50	1.00	0	1	unmatched		
145031.8	161491.0	161848.2	57	0.92	0	1	unmatched		
145113.1	161574.0	161977.4	50	1.00	0	1	hit	161707.3	0
145391.7	161846.4	162195.8	62	0.91	0	0	unmatched		
145461.4	161912.7	162327.6	50	1.00	0	1	unmatched		
145751.7	162201.2	162531.3	50	0.94	0	1	hit	162073.2	0
145821.3	162267.3	162664.4	50	1.00	0	1	unmatched		
146123.2	162566.8	162917.7	50	0.97	0	0	hit	162439.0	0
146192.8	162634.2	163050.2	50	1.00	0	1	unmatched		
146494.7	162933.3	163295.7	50	0.96	0	0	hit	162804.9	0
146587.6	163025.2	163428.8	50	1.00	0	1	hit	163170.7	0
146901.0	163336.0	163671.5	50	0.92	0	1	unmatched		
146970.7	163401.8	163800.2	50	1.00	0	1	hit	163536.6	0
147156.5	163583.3	164011.9	0	0.00	1	0	unmatched		
147330.6	163755.9	164181.4	40	1.00	0	0	hit	163902.4	0
147620.9	164040.3	164384.3	40	0.89	0	0	unmatched		
147690.5	164107.3	164517.5	40	1.00	0	0	unmatched		
147992.4	164407.0	164753.2	47	0.97	0	0	hit	164268.3	0
148073.7	164484.7	164897.8	40	1.00	0	0	hit	164634.1	0
148363.9	164772.4	165118.2	40	0.92	0	0	unmatched		
148433.6	164840.3	165243.8	40	1.00	0	0	unmatched		
148805.1	165207.8	165611.8	40	1.00	0	0	unmatched		
149118.5	165517.0	165856.5	40	0.94	0	0	hit	165365.9	0
149188.2	165583.3	166004.6	40	1.00	0	0	hit	165731.7	0
149478.5	165871.9	166204.2	0	0.00	1	0	unmatched		
149536.5	165928.3	166345.8	40	1.00	0	0	unmatched		
149850.0	166234.7	166580.0	40	0.86	0	0	hit	166097.6	0
149919.6	166306.4	166733.7	40	1.00	0	0	unmatched		
150070.6	166454.6	166854.1	0	0.00	1	0	chord	166463.4	
150279.5	166656.6	167066.8	50	1.00	0	1	unmatched		
150558.2	166932.8	167308.2	50	0.90	0	1	hit	166829.3	0
150662.7	167038.3	167465.0	50	1.00	0	1	unmatched		
150929.7	167300.9	167640.7	57	0.95	0	0	hit	167195.1	0
150999.4	167367.8	167778.6	50	1.00	0	1	unmatched		
151301.2	167668.0	168013.3	50	0.93	0	1	hit	167561.0	0
151370.9	167735.2	168160.4	50	1.00	0	1	unmatched		
151672.7	168031.3	168395.6	50	0.94	0	1	hit	167926.8	0
151777.2	168132.4	168525.5	50	1.00	0	1	unmatched		
152055.9	168407.3	168737.4	50	0.88	0	1	hit	168292.7	0
152125.5	168477.0	168869.3	50	1.00	0	1	unmatched		
152427.4	168774.8	169113.9	0	0.00	1	0	chord	168658.5	
152485.4	168829.6	169244.0	50	1.00	0	1	unmatched		
152798.9	169140.8	169495.1	0	0.00	1	0	chord	169024.4	
152868.6	169208.7	169626.1	50	1.00	0	1	unmatched		
153158.8	169496.1	169837.9	50	0.81	0	1	hit	169390.2	0
153240.1	169574.8	169984.7	40	1.00	0	0	unmatched		
153553.6	169885.2	170251.3	0	0.00	1	0	chord	169756.1	
153634.8	169963.1	170383.2	40	1.00	0	0	unmatched		
153936.7	170261.7	170596.7	0	0.00	1	0	chord	170122.0	
153994.7	170319.0	170730.2	40	1.00	0	0	unmatched		
154203.7	170525.2	170862.8	40	1.00	0	0	hit	170487.8	0
154285.0	170603.2	170926.2	64	0.88	0	0	unmatched		
154354.6	170672.0	171076.3	40	1.00	0	0	unmatched		
154656.5	170968.9	171305.4	52	0.84	0	0	hit	170853.7	0
154714.6	171024.2	171436.3	40	1.00	0	0	unmatched		
155016.4	171323.8	171659.3	0	0.00	1	0	chord	171219.5	
155074.5	171380.3	171788.9	40	1.00	0	0	unmatched		
155376.3	171677.8	172040.7	40	0.93	0	0	hit	171585.4	0
155446.0	171747.3	172175.2	40	1.00	0	0	unmatched		
155759.5	172057.4	172420.1	40	0.84	0	0	hit	171951.2	0
155840.7	172136.2	172549.7	40	1.00	0	0	unmatched		
156003.3	172292.9	172715.4	0	0.00	1	0	chord	172317.1	
156189.0	172482.3	172904.5	50	1.00	0	1	unmatched		
156525.7	172815.4	173181.1	50	0.96	0	0	hit	172682.9	0
156607.0	172898.0	173314.4	50	1.00	0	1	unmatched		
156908.8	173198.5	173508.3	50	0.81	0	1	hit	173048.8	0
156966.9	173256.2	173672.4	50	1.00	0	1	unmatched		
157257.1	173542.3	173901.5	50	0.84	0	1	hit	173414.6	0
157326.8	173611.8	174038.7	50	1.00	0	1	unmatched		
157628.7	173914.6	174243.9	0	0.00	1	0	chord	173780.5	
157686.7	173971.8	174373.3	50	1.00	0	1	unmatched		
157977.0	174262.1	174589.1	50	0.83	0	1	hit	174146.3	0
158035.0	174317.8	174718.7	50	1.00	0	1	unmatched		
158336.9	174619.5	174934.4	0	0.00	1	0	chord	174512.2	
158394.9	174676.7	175068.5	50	1.00	0	1	unmatched		
158720.0	175001.1	175318.5	0	0.00	1	0	chord	174878.0	
158778.0	175060.0	175452.4	50	1.00	0	1	unmatched		
158975.4	175256.0	175666.9	52	0.89	0	1	unmatched		2
159149.6	175426.9	175843.9	40	1.00	0	0	unmatched		
159451.4	175729.7	176083.2	40	0.94	0	0	hit	175609.8	0
159521.1	175800.3	176219.5	40	1.00	0	0	unmatched		
159811.3	176090.7	176430.0	52	0.97	0	0	hit	175975.6	0
159881.0	176158.8	176578.4	40	1.00	0	0	unmatched		
160252.5	176529.7	176953.0	40	1.00	0	0	unmatched		
160577.6	176853.3	177193.6	40	0.90	0	0	hit	176707.3	0
160647.3	176921.4	177327.2	40	1.00	0	0	unmatched		
160960.7	177235.6	177574.8	0	0.00	1	0	chord	177073.2	
161018.8	177293.4	177712.9	40	1.00	0	0	hit	177439.0	0
161309.0	177579.9	177930.1	40	0.85	0	0	unmatched		
161378.7	177649.7	178063.2	40	1.00	0	0	unmatched		
161692.2	177963.0	178299.0	40	0.92	0	0	hit	177804.9	0
161761.8	178032.0	178438.0	40	1.00	0	0	hit	178170.7	0
161959.2	178227.4	178659.7	40	0.85	0	0	unmatched		
162133.3	178398.3	178821.0	50	1.00	0	1	hit	178536.6	0
162481.6	178746.0	179066.8	0	0.00	1	0	unmatched		
162539.7	178801.3	179212.8	50	1.00	0	1	hit	178902.4	0
162829.9	179086.7	179443.5	0	0.00	1	0	unmatched		
162899.6	179155.5	179576.0	50	1.00	0	1	hit	179268.3	0
163189.8	179443.0	179808.0	0	0.00	1	0	unmatched		
163259.5	179511.1	179923.9	50	1.00	0	1	hit	179634.1	0
163549.8	179794.7	180134.6	0	0.00	1	0	unmatched		
163619.4	179865.3	180268.4	50	1.00	0	1	hit	180000.0	0
163921.3	180160.5	180513.1	50	0.93	0	1	unmatched		
164002.5	180240.0	180644.2	50	1.00	0	1	hit	180365.9	0
164304.4	180539.6	180886.6	50	0.82	0	1	unmatched		
164362.4	180595.2	181018.8	50	1.00	0	1	hit	180731.7	0
164664.3	180895.2	181218.9	50	0.96	0	0	unmatched		
164734.0	180961.6	181363.8	50	1.00	0	1	hit	181097.6	0
164896.5	181121.5	181528.6	50	0.88	0	1	unmatched		
165070.7	181295.7	181711.6	40	1.00	0	0	unmatched		
165395.7	181614.8	181942.6	0	0.00	1	0	chord	181463.4	
165453.8	181670.1	182078.2	40	1.00	0	0	unmatched		
165732.4	181946.0	182283.5	40	0.83	0	0	hit	181829.3	0
165802.1	182012.8	182435.0	40	1.00	0	0	unmatched		
166103.9	182310.4	182666.1	40	0.82	0	0	hit	182195.1	0
166173.6	182377.7	182798.7	40	1.00	0	0	unmatched		
166452.2	182655.4	183000.0	40	0.94	0	0	hit	182561.0	0
166521.9	182723.5	183142.6	40	1.00	0	0	unmatched		
166870.2	183066.7	183385.9	0	0.00	1	0	chord	182926.8	
166928.3	183122.3	183518.1	40	1.00	0	0	unmatched		
167241.7	183434.2	183768.9	40	0.94	0	0	hit	183292.7	0
167311.4	183501.4	183898.8	40	1.00	0	0	unmatched		
167648.1	183831.5	184146.2	0	0.00	1	0	chord	183658.5	
167694.5	183878.3	184277.9	40	1.00	0	0	hit	184024.4	0
167833.8	184016.6	184411.7	40	0.84	0	0	unmatched		
168042.8	184220.8	184582.5	50	0.92	0	1	unmatched		
168135.7	184311.4	184714.7	50	1.00	0	1	hit	184390.2	0
168344.7	184518.8	184865.9	50	0.82	0	1	unmatched		
168425.9	184597.0	184993.7	50	1.00	0	1	unmatched		
168727.8	184894.9	185237.8	50	0.85	0	1	hit	184756.1	0
168797.5	184962.2	185366.5	50	1.00	0	1	unmatched		
169076.1	185238.6	185573.8	50	0.93	0	1	hit	185122.0	0
169145.8	185307.4	185721.0	50	1.00	0	1	unmatched		
169447.6	185605.9	185963.4	50	0.90	0	1	hit	185487.8	0
169528.9	185684.3	186101.4	50	1.00	0	1	unmatched		
169737.9	185890.0	186232.3	50	1.00	0	1	hit	185853.7	0
169819.1	185971.3	186298.2	50	0.86	0	1	unmatched		
169888.8	186038.9	186444.8	50	1.00	0	1	unmatched		
170202.3	186346.7	186672.7	0	0.00	1	0	chord	186219.5	
170271.9	186413.8	186819.9	50	1.00	0	1	unmatched		
170573.8	186714.2	187059.6	0	0.00	1	0	chord	186585.4	
170643.4	186780.6	187189.1	50	1.00	0	1	unmatched		
170817.6	186953.2	187371.9	51	0.84	0	1	close	186951.2	1
171003.4	187134.9	187529.2	40	1.00	0	0	unmatched		
171316.8	187446.6	187774.4	0	0.00	1	0	chord	187317.1	
171374.9	187501.9	187912.6	40	1.00	0	0	unmatched		
171688.3	187811.3	188160.4	0	0.00	1	0	chord	187682.9	
171758.0	187880.2	188291.6	40	1.00	0	0	unmatched		
172071.5	188188.3	188555.0	0	0.00	1	0	chord	188048.8	
172141.1	188257.2	188671.5	40	1.00	0	0	unmatched		
172443.0	188553.2	188900.1	40	0.94	0	0	hit	188414.6	0
172524.3	188634.9	189057.4	40	1.00	0	0	hit	188780.5	0
172814.5	188918.8	189249.9	0	0.00	1	0	unmatched		
172872.6	188975.2	189382.5	40	1.00	0	0	unmatched		
173232.5	189330.8	189729.4	40	1.00	0	0	unmatched		
173534.3	189629.9	189966.9	40	0.81	0	0	hit	189512.2	0
173615.6	189708.1	190098.4	40	0.94	0	0	unmatched		
174022.0	190100.3	190504.0	42	0.95	0	1	hit	190243.9	0
174230.9	190301.9	190644.6	42	0.94	0	0	unmatched		
174312.2	190377.8	190746.4	0	0.00	1	0	unmatched		
174416.7	190474.9	190887.4	42	0.98	0	1	hit	190609.8	0
174765.0	190806.9	191198.0	42	0.80	0	1	hit	190792.7	0
175229.4	191246.7	191664.5	42	0.86	0	1	hit	191341.5	0
175415.1	191423.8	191829.8	0	0.00	1	0	unmatched		
175589.3	191588.8	192002.3	42	0.94	0	1	hit	191707.3	0
175775.1	191765.9	192167.3	0	0.00	1	0	chord	191890.2	
175949.2	191931.2	192335.7	42	0.92	0	1	hit	192073.2	0
176158.2	192130.0	192528.5	42	0.87	0	1	unmatched		
176332.3	192295.7	192689.6	42	0.87	0	1	hit	192439.0	0
176529.7	192482.2	192896.6	0	0.00	1	0	unmatched		
176715.5	192659.5	193056.3	42	0.96	0	1	hit	192804.9	0
176924.4	192857.6	193263.9	42	0.81	0	1	hit	192987.8	0
177075.4	193000.7	193412.7	42	0.95	0	1	unmatched		
177261.1	193177.0	193591.8	0	0.00	1	0	chord	193170.7	
177446.9	193354.2	193754.0	42	0.90	0	1	unmatched		
177632.7	193529.3	193957.8	0	0.00	1	0	chord	193536.6	
177795.2	193684.5	194097.3	42	0.84	0	1	hit	193719.5	0
177795.2	177795.2	177795.2	42	0.00	0	0	string_taken_back	193719.5	
178166.7	194037.4	194450.6	42	0.87	0	1	hit	193902.4	0
178364.1	194224.3	194650.1	0	0.00	1	0	chord	194268.3	
178526.6	194380.2	194775.5	0	0.00	1	0	unmatched		
178700.8	194545.6	194941.3	0	0.00	1	0	chord	194634.1	
178851.7	194686.6	195131.0	42	0.86	0	1	hit	194817.1	0
179118.7	194943.1	195330.7	0	0.00	1	0	chord	195000.0	
179258.0	195074.9	195473.6	42	0.91	0	0	unmatched		
179420.6	195228.2	195648.2	42	0.85	0	1	hit	195365.9	0
179618.0	195415.5	195839.3	42	0.94	0	0	unmatched		
179826.9	195613.8	196043.6	42	0.85	0	1	hit	195731.7	0
180152.0	195927.1	196267.8	0	0.00	1	0	chord	195914.6	
180210.1	195980.1	196362.3	42	0.82	0	1	hit	196097.6	0
180337.8	196100.2	196507.8	42	0.91	0	0	unmatched		
180558.4	196308.9	196733.3	0	0.00	1	0	unmatched		
180720.9	196464.4	196866.1	42	0.96	0	1	hit	196463.4	0
180895.1	196629.9	197030.4	0	0.00	1	0	chord	196646.3	
181104.0	196828.4	197230.0	0	0.00	1	0	chord	196829.3	
181649.7	197346.5	197753.7	0	0.00	1	0	chord	197195.1	
181835.5	197523.0	197929.7	42	0.85	0	1	hit	197561.0	0
181998.0	197677.2	198088.6	0	0.00	1	0	chord	197743.9	
182160.5	197831.4	198247.8	42	0.88	0	1	hit	197926.8	0
182369.5	198029.8	198448.3	0	0.00	1	0	unmatched		
182532.1	198184.8	198591.0	42	0.89	0	1	hit	198292.7	0
182729.4	198372.1	198782.4	0	0.00	1	0	unmatched		
182915.2	198549.4	198943.8	42	0.84	0	1	hit	198658.5	0
183124.2	198747.4	199151.7	0	0.00	1	0	chord	198841.5	
183275.1	198890.0	199310.8	42	0.87	0	1	hit	199024.4	0
183472.5	199078.1	199487.1	0	0.00	1	0	unmatched		
183646.6	199243.9	199645.7	42	0.87	0	1	hit	199390.2	0
183855.6	199442.9	199835.3	45	0.81	0	1	hit	199573.2	0
184041.4	199618.2	200033.5	42	0.81	0	1	hit	199756.1	0
184389.7	199948.2	200380.3	42	0.94	0	1	unmatched		
184610.2	200158.5	200576.4	0	0.00	1	0	chord	200122.0	
184761.2	200302.9	200701.2	42	0.86	0	1	unmatched		
184970.2	200506.7	200912.6	0	0.00	1	0	chord	200487.8	
185121.1	200654.2	201076.8	42	0.84	0	1	hit	200670.7	0
185306.8	200841.6	201249.6	50	0.83	0	1	close	200853.7	1
185504.2	201040.5	201454.9	42	0.81	0	1	unmatched		
185690.0	201227.3	201642.0	0	0.00	1	0	chord	201219.5	
185875.7	201411.3	201807.9	0	0.00	1	0	unmatched		
186073.1	201610.0	201996.4	0	0.00	1	0	chord	201585.4	
186189.2	201721.1	202091.9	0	0.00	1	0	chord	201768.3	
186282.1	201807.5	202214.7	0	0.00	1	0	chord	201951.2	
188035.2	203473.1	203878.2	46	0.89	0	0	unmatched		

# every written note and how it ended up
note_ms	bar	string	fret	midi	tech	chord	verdict
2926.8	2	6	2	42	-	6	miss
2926.8	2	5	4	49	-	6	miss
2926.8	2	4	4	54	-	6	miss
2926.8	2	3	2	57	-	6	miss
2926.8	2	2	2	61	-	6	miss
2926.8	2	1	2	66	-	6	miss
3292.7	2	6	2	42	-	6	miss
3292.7	2	5	4	49	-	6	miss
3292.7	2	4	4	54	-	6	miss
3292.7	2	3	2	57	-	6	miss
3292.7	2	2	2	61	-	6	miss
3292.7	2	1	2	66	-	6	miss
3475.6	2	6	2	42	-	6	miss
3475.6	2	5	4	49	-	6	miss
3475.6	2	4	4	54	-	6	miss
3475.6	2	3	2	57	-	6	miss
3475.6	2	2	2	61	-	6	miss
3475.6	2	1	2	66	-	6	miss
3658.5	2	6	2	42	-	6	miss
3658.5	2	5	4	49	-	6	miss
3658.5	2	4	4	54	-	6	miss
3658.5	2	3	2	57	-	6	miss
3658.5	2	2	2	61	-	6	miss
3658.5	2	1	2	66	-	6	miss
4024.4	2	6	2	42	-	6	miss
4024.4	2	5	4	49	-	6	miss
4024.4	2	4	4	54	-	6	miss
4024.4	2	3	2	57	-	6	miss
4024.4	2	2	2	61	-	6	miss
4024.4	2	1	2	66	-	6	miss
4390.2	2	6	2	42	-	6	miss
4390.2	2	5	4	49	-	6	miss
4390.2	2	4	4	54	-	6	miss
4390.2	2	3	2	57	-	6	miss
4390.2	2	2	2	61	-	6	miss
4390.2	2	1	2	66	-	6	miss
4573.2	2	6	2	42	-	6	miss
4573.2	2	5	4	49	-	6	miss
4573.2	2	4	4	54	-	6	miss
4573.2	2	3	2	57	-	6	miss
4573.2	2	2	2	61	-	6	miss
4573.2	2	1	2	66	-	6	miss
4756.1	2	6	2	42	-	6	miss
4756.1	2	5	4	49	-	6	miss
4756.1	2	4	4	54	-	6	miss
4756.1	2	3	2	57	-	6	miss
4756.1	2	2	2	61	-	6	miss
4756.1	2	1	2	66	-	6	miss
5122.0	2	6	2	42	-	6	miss
5122.0	2	5	4	49	-	6	miss
5122.0	2	4	4	54	-	6	miss
5122.0	2	3	2	57	-	6	miss
5122.0	2	2	2	61	-	6	miss
5122.0	2	1	2	66	-	6	miss
5487.8	2	6	2	42	-	6	miss
5487.8	2	5	4	49	-	6	miss
5487.8	2	4	4	54	-	6	miss
5487.8	2	3	2	57	-	6	miss
5487.8	2	2	2	61	-	6	miss
5487.8	2	1	2	66	-	6	miss
5670.7	2	6	2	42	-	6	miss
5670.7	2	5	4	49	-	6	miss
5670.7	2	4	4	54	-	6	miss
5670.7	2	3	2	57	-	6	miss
5670.7	2	2	2	61	-	6	miss
5670.7	2	1	2	66	-	6	miss
5853.7	3	6	2	42	-	6	miss
5853.7	3	5	4	49	-	6	miss
5853.7	3	4	4	54	-	6	miss
5853.7	3	3	2	57	-	6	miss
5853.7	3	2	2	61	-	6	miss
5853.7	3	1	2	66	-	6	miss
6219.5	3	6	2	42	-	6	miss
6219.5	3	5	4	49	-	6	miss
6219.5	3	4	4	54	-	6	miss
6219.5	3	3	2	57	-	6	miss
6219.5	3	2	2	61	-	6	miss
6219.5	3	1	2	66	-	6	miss
6402.4	3	6	2	42	-	6	miss
6402.4	3	5	4	49	-	6	miss
6402.4	3	4	4	54	-	6	miss
6402.4	3	3	2	57	-	6	miss
6402.4	3	2	2	61	-	6	miss
6402.4	3	1	2	66	-	6	miss
6585.4	3	6	2	42	-	6	miss
6585.4	3	5	4	49	-	6	miss
6585.4	3	4	4	54	-	6	miss
6585.4	3	3	2	57	-	6	miss
6585.4	3	2	2	61	-	6	miss
6585.4	3	1	2	66	-	6	miss
6951.2	3	6	2	42	-	6	miss
6951.2	3	5	4	49	-	6	miss
6951.2	3	4	4	54	-	6	miss
6951.2	3	3	2	57	-	6	miss
6951.2	3	2	2	61	-	6	miss
6951.2	3	1	2	66	-	6	miss
7317.1	3	6	2	42	-	6	miss
7317.1	3	5	4	49	-	6	miss
7317.1	3	4	4	54	-	6	miss
7317.1	3	3	2	57	-	6	miss
7317.1	3	2	2	61	-	6	miss
7317.1	3	1	2	66	-	6	miss
7500.0	3	6	2	42	-	6	miss
7500.0	3	5	4	49	-	6	miss
7500.0	3	4	4	54	-	6	miss
7500.0	3	3	2	57	-	6	miss
7500.0	3	2	2	61	-	6	miss
7500.0	3	1	2	66	-	6	miss
7682.9	3	6	2	42	-	6	miss
7682.9	3	5	4	49	-	6	miss
7682.9	3	4	4	54	-	6	miss
7682.9	3	3	2	57	-	6	miss
7682.9	3	2	2	61	-	6	miss
7682.9	3	1	2	66	-	6	miss
8048.8	3	6	2	42	-	6	miss
8048.8	3	5	4	49	-	6	miss
8048.8	3	4	4	54	-	6	miss
8048.8	3	3	2	57	-	6	miss
8048.8	3	2	2	61	-	6	miss
8048.8	3	1	2	66	-	6	miss
8414.6	3	6	2	42	-	6	miss
8414.6	3	5	4	49	-	6	miss
8414.6	3	4	4	54	-	6	miss
8414.6	3	3	2	57	-	6	miss
8414.6	3	2	2	61	-	6	miss
8414.6	3	1	2	66	-	6	miss
8597.6	3	6	2	42	-	6	miss
8597.6	3	5	4	49	-	6	miss
8597.6	3	4	4	54	-	6	miss
8597.6	3	3	2	57	-	6	miss
8597.6	3	2	2	61	-	6	miss
8597.6	3	1	2	66	-	6	miss
8780.5	4	6	2	42	-	6	miss
8780.5	4	5	4	49	-	6	miss
8780.5	4	4	4	54	-	6	miss
8780.5	4	3	2	57	-	6	miss
8780.5	4	2	2	61	-	6	miss
8780.5	4	1	2	66	-	6	miss
9146.3	4	6	2	42	-	6	miss
9146.3	4	5	4	49	-	6	miss
9146.3	4	4	4	54	-	6	miss
9146.3	4	3	2	57	-	6	miss
9146.3	4	2	2	61	-	6	miss
9146.3	4	1	2	66	-	6	miss
9329.3	4	6	2	42	-	6	miss
9329.3	4	5	4	49	-	6	miss
9329.3	4	4	4	54	-	6	miss
9329.3	4	3	2	57	-	6	miss
9329.3	4	2	2	61	-	6	miss
9329.3	4	1	2	66	-	6	miss
9512.2	4	6	2	42	-	6	miss
9512.2	4	5	4	49	-	6	miss
9512.2	4	4	4	54	-	6	miss
9512.2	4	3	2	57	-	6	miss
9512.2	4	2	2	61	-	6	miss
9512.2	4	1	2	66	-	6	miss
9878.0	4	6	2	42	-	6	miss
9878.0	4	5	4	49	-	6	miss
9878.0	4	4	4	54	-	6	miss
9878.0	4	3	2	57	-	6	miss
9878.0	4	2	2	61	-	6	miss
9878.0	4	1	2	66	-	6	miss
10243.9	4	6	2	42	-	6	miss
10243.9	4	5	4	49	-	6	miss
10243.9	4	4	4	54	-	6	miss
10243.9	4	3	2	57	-	6	miss
10243.9	4	2	2	61	-	6	miss
10243.9	4	1	2	66	-	6	miss
10426.8	4	6	2	42	-	6	miss
10426.8	4	5	4	49	-	6	miss
10426.8	4	4	4	54	-	6	miss
10426.8	4	3	2	57	-	6	miss
10426.8	4	2	2	61	-	6	miss
10426.8	4	1	2	66	-	6	miss
10609.8	4	6	2	42	-	6	miss
10609.8	4	5	4	49	-	6	miss
10609.8	4	4	4	54	-	6	miss
10609.8	4	3	2	57	-	6	miss
10609.8	4	2	2	61	-	6	miss
10609.8	4	1	2	66	-	6	miss
10975.6	4	6	2	42	-	6	miss
10975.6	4	5	4	49	-	6	miss
10975.6	4	4	4	54	-	6	miss
10975.6	4	3	2	57	-	6	miss
10975.6	4	2	2	61	-	6	miss
10975.6	4	1	2	66	-	6	miss
11341.5	4	6	2	42	-	6	miss
11341.5	4	5	4	49	-	6	miss
11341.5	4	4	4	54	-	6	miss
11341.5	4	3	2	57	-	6	miss
11341.5	4	2	2	61	-	6	miss
11341.5	4	1	2	66	-	6	miss
11524.4	4	6	2	42	-	6	miss
11524.4	4	5	4	49	-	6	miss
11524.4	4	4	4	54	-	6	miss
11524.4	4	3	2	57	-	6	miss
11524.4	4	2	2	61	-	6	miss
11524.4	4	1	2	66	-	6	miss
11707.3	5	6	2	42	-	6	miss
11707.3	5	5	4	49	-	6	miss
11707.3	5	4	4	54	-	6	miss
11707.3	5	3	2	57	-	6	miss
11707.3	5	2	2	61	-	6	miss
11707.3	5	1	2	66	-	6	miss
12073.2	5	6	2	42	-	6	miss
12073.2	5	5	4	49	-	6	miss
12073.2	5	4	4	54	-	6	miss
12073.2	5	3	2	57	-	6	miss
12073.2	5	2	2	61	-	6	miss
12073.2	5	1	2	66	-	6	miss
12256.1	5	6	2	42	-	6	miss
12256.1	5	5	4	49	-	6	miss
12256.1	5	4	4	54	-	6	miss
12256.1	5	3	2	57	-	6	miss
12256.1	5	2	2	61	-	6	miss
12256.1	5	1	2	66	-	6	miss
12439.0	5	6	2	42	-	6	miss
12439.0	5	5	4	49	-	6	miss
12439.0	5	4	4	54	-	6	miss
12439.0	5	3	2	57	-	6	miss
12439.0	5	2	2	61	-	6	miss
12439.0	5	1	2	66	-	6	miss
12804.9	5	6	2	42	-	6	miss
12804.9	5	5	4	49	-	6	miss
12804.9	5	4	4	54	-	6	miss
12804.9	5	3	2	57	-	6	miss
12804.9	5	2	2	61	-	6	miss
12804.9	5	1	2	66	-	6	miss
13170.7	5	6	2	42	-	6	miss
13170.7	5	5	4	49	-	6	miss
13170.7	5	4	4	54	-	6	miss
13170.7	5	3	2	57	-	6	miss
13170.7	5	2	2	61	-	6	miss
13170.7	5	1	2	66	-	6	miss
13353.7	5	6	2	42	-	6	miss
13353.7	5	5	4	49	-	6	miss
13353.7	5	4	4	54	-	6	miss
13353.7	5	3	2	57	-	6	miss
13353.7	5	2	2	61	-	6	miss
13353.7	5	1	2	66	-	6	miss
13536.6	5	6	2	42	-	6	miss
13536.6	5	5	4	49	-	6	miss
13536.6	5	4	4	54	-	6	miss
13536.6	5	3	2	57	-	6	miss
13536.6	5	2	2	61	-	6	miss
13536.6	5	1	2	66	-	6	miss
13902.4	5	6	2	42	-	6	miss
13902.4	5	5	4	49	-	6	miss
13902.4	5	4	4	54	-	6	miss
13902.4	5	3	2	57	-	6	miss
13902.4	5	2	2	61	-	6	miss
13902.4	5	1	2	66	-	6	miss
14268.3	5	6	2	42	-	6	miss
14268.3	5	5	4	49	-	6	miss
14268.3	5	4	4	54	-	6	miss
14268.3	5	3	2	57	-	6	miss
14268.3	5	2	2	61	-	6	miss
14268.3	5	1	2	66	-	6	miss
14451.2	5	6	2	42	-	6	miss
14451.2	5	5	4	49	-	6	miss
14451.2	5	4	4	54	-	6	miss
14451.2	5	3	2	57	-	6	miss
14451.2	5	2	2	61	-	6	miss
14451.2	5	1	2	66	-	6	miss
14634.1	6	6	2	42	-	6	miss
14634.1	6	5	4	49	-	6	miss
14634.1	6	4	4	54	-	6	miss
14634.1	6	3	2	57	-	6	miss
14634.1	6	2	2	61	-	6	miss
14634.1	6	1	2	66	-	6	miss
15000.0	6	6	2	42	-	6	miss
15000.0	6	5	4	49	-	6	miss
15000.0	6	4	4	54	-	6	miss
15000.0	6	3	2	57	-	6	miss
15000.0	6	2	2	61	-	6	miss
15000.0	6	1	2	66	-	6	miss
15182.9	6	6	2	42	-	6	miss
15182.9	6	5	4	49	-	6	miss
15182.9	6	4	4	54	-	6	miss
15182.9	6	3	2	57	-	6	miss
15182.9	6	2	2	61	-	6	miss
15182.9	6	1	2	66	-	6	miss
15365.9	6	6	2	42	-	6	miss
15365.9	6	5	4	49	-	6	miss
15365.9	6	4	4	54	-	6	miss
15365.9	6	3	2	57	-	6	miss
15365.9	6	2	2	61	-	6	miss
15365.9	6	1	2	66	-	6	miss
15731.7	6	6	2	42	-	6	miss
15731.7	6	5	4	49	-	6	miss
15731.7	6	4	4	54	-	6	miss
15731.7	6	3	2	57	-	6	miss
15731.7	6	2	2	61	-	6	miss
15731.7	6	1	2	66	-	6	miss
16097.6	6	6	2	42	-	6	miss
16097.6	6	5	4	49	-	6	miss
16097.6	6	4	4	54	-	6	miss
16097.6	6	3	2	57	-	6	miss
16097.6	6	2	2	61	-	6	miss
16097.6	6	1	2	66	-	6	miss
16280.5	6	6	2	42	-	6	miss
16280.5	6	5	4	49	-	6	miss
16280.5	6	4	4	54	-	6	miss
16280.5	6	3	2	57	-	6	miss
16280.5	6	2	2	61	-	6	miss
16280.5	6	1	2	66	-	6	miss
16463.4	6	6	2	42	-	6	miss
16463.4	6	5	4	49	-	6	miss
16463.4	6	4	4	54	-	6	miss
16463.4	6	3	2	57	-	6	miss
16463.4	6	2	2	61	-	6	miss
16463.4	6	1	2	66	-	6	miss
16829.3	6	6	2	42	-	6	miss
16829.3	6	5	4	49	-	6	miss
16829.3	6	4	4	54	-	6	miss
16829.3	6	3	2	57	-	6	miss
16829.3	6	2	2	61	-	6	miss
16829.3	6	1	2	66	-	6	miss
17195.1	6	6	2	42	-	6	miss
17195.1	6	5	4	49	-	6	miss
17195.1	6	4	4	54	-	6	miss
17195.1	6	3	2	57	-	6	miss
17195.1	6	2	2	61	-	6	miss
17195.1	6	1	2	66	-	6	miss
17378.0	6	6	2	42	-	6	miss
17378.0	6	5	4	49	-	6	miss
17378.0	6	4	4	54	-	6	miss
17378.0	6	3	2	57	-	6	miss
17378.0	6	2	2	61	-	6	miss
17378.0	6	1	2	66	-	6	miss
17561.0	7	6	2	42	-	6	hit
17561.0	7	5	4	49	-	6	hit
17561.0	7	4	4	54	-	6	hit
17561.0	7	3	2	57	-	6	hit
17561.0	7	2	2	61	-	6	hit
17561.0	7	1	2	66	-	6	hit
17926.8	7	6	2	42	-	6	hit
17926.8	7	5	4	49	-	6	hit
17926.8	7	4	4	54	-	6	hit
17926.8	7	3	2	57	-	6	hit
17926.8	7	2	2	61	-	6	hit
17926.8	7	1	2	66	-	6	hit
18109.8	7	6	2	42	-	6	hit
18109.8	7	5	4	49	-	6	hit
18109.8	7	4	4	54	-	6	hit
18109.8	7	3	2	57	-	6	miss
18109.8	7	2	2	61	-	6	hit
18109.8	7	1	2	66	-	6	hit
18292.7	7	6	2	42	-	6	miss
18292.7	7	5	4	49	-	6	miss
18292.7	7	4	4	54	-	6	miss
18292.7	7	3	2	57	-	6	miss
18292.7	7	2	2	61	-	6	miss
18292.7	7	1	2	66	-	6	miss
18658.5	7	6	2	42	-	6	hit
18658.5	7	5	4	49	-	6	hit
18658.5	7	4	4	54	-	6	hit
18658.5	7	3	2	57	-	6	miss
18658.5	7	2	2	61	-	6	hit
18658.5	7	1	2	66	-	6	hit
19024.4	7	6	2	42	-	6	hit
19024.4	7	5	4	49	-	6	hit
19024.4	7	4	4	54	-	6	hit
19024.4	7	3	2	57	-	6	hit
19024.4	7	2	2	61	-	6	hit
19024.4	7	1	2	66	-	6	hit
19207.3	7	6	2	42	-	6	miss
19207.3	7	5	4	49	-	6	miss
19207.3	7	4	4	54	-	6	miss
19207.3	7	3	2	57	-	6	miss
19207.3	7	2	2	61	-	6	miss
19207.3	7	1	2	66	-	6	miss
19390.2	7	6	2	42	-	6	hit
19390.2	7	5	4	49	-	6	hit
19390.2	7	4	4	54	-	6	hit
19390.2	7	3	2	57	-	6	hit
19390.2	7	2	2	61	-	6	hit
19390.2	7	1	2	66	-	6	hit
19756.1	7	6	2	42	-	6	hit
19756.1	7	5	4	49	-	6	hit
19756.1	7	4	4	54	-	6	hit
19756.1	7	3	2	57	-	6	hit
19756.1	7	2	2	61	-	6	hit
19756.1	7	1	2	66	-	6	hit
20122.0	7	6	2	42	-	6	hit
20122.0	7	5	4	49	-	6	hit
20122.0	7	4	4	54	-	6	hit
20122.0	7	3	2	57	-	6	hit
20122.0	7	2	2	61	-	6	hit
20122.0	7	1	2	66	-	6	hit
20304.9	7	6	2	42	-	6	miss
20304.9	7	5	4	49	-	6	miss
20304.9	7	4	4	54	-	6	miss
20304.9	7	3	2	57	-	6	miss
20304.9	7	2	2	61	-	6	miss
20304.9	7	1	2	66	-	6	miss
20487.8	8	6	2	42	-	6	hit
20487.8	8	5	4	49	-	6	hit
20487.8	8	4	4	54	-	6	hit
20487.8	8	3	2	57	-	6	hit
20487.8	8	2	2	61	-	6	hit
20487.8	8	1	2	66	-	6	hit
20853.7	8	6	2	42	-	6	hit
20853.7	8	5	4	49	-	6	hit
20853.7	8	4	4	54	-	6	hit
20853.7	8	3	2	57	-	6	hit
20853.7	8	2	2	61	-	6	hit
20853.7	8	1	2	66	-	6	hit
21036.6	8	6	2	42	-	6	hit
21036.6	8	5	4	49	-	6	hit
21036.6	8	4	4	54	-	6	hit
21036.6	8	3	2	57	-	6	hit
21036.6	8	2	2	61	-	6	hit
21036.6	8	1	2	66	-	6	hit
21219.5	8	6	2	42	-	6	hit
21219.5	8	5	4	49	-	6	hit
21219.5	8	4	4	54	-	6	hit
21219.5	8	3	2	57	-	6	hit
21219.5	8	2	2	61	-	6	hit
21219.5	8	1	2	66	-	6	hit
21585.4	8	6	2	42	-	6	hit
21585.4	8	5	4	49	-	6	hit
21585.4	8	4	4	54	-	6	hit
21585.4	8	3	2	57	-	6	hit
21585.4	8	2	2	61	-	6	hit
21585.4	8	1	2	66	-	6	hit
21951.2	8	6	2	42	-	6	hit
21951.2	8	5	4	49	-	6	hit
21951.2	8	4	4	54	-	6	hit
21951.2	8	3	2	57	-	6	hit
21951.2	8	2	2	61	-	6	hit
21951.2	8	1	2	66	-	6	hit
22134.1	8	6	2	42	-	6	miss
22134.1	8	5	4	49	-	6	miss
22134.1	8	4	4	54	-	6	miss
22134.1	8	3	2	57	-	6	miss
22134.1	8	2	2	61	-	6	miss
22134.1	8	1	2	66	-	6	miss
22317.1	8	6	2	42	-	6	miss
22317.1	8	5	4	49	-	6	miss
22317.1	8	4	4	54	-	6	miss
22317.1	8	3	2	57	-	6	miss
22317.1	8	2	2	61	-	6	miss
22317.1	8	1	2	66	-	6	miss
22682.9	8	6	2	42	-	6	miss
22682.9	8	5	4	49	-	6	miss
22682.9	8	4	4	54	-	6	miss
22682.9	8	3	2	57	-	6	miss
22682.9	8	2	2	61	-	6	miss
22682.9	8	1	2	66	-	6	miss
23048.8	8	6	2	42	-	6	miss
23048.8	8	5	4	49	-	6	miss
23048.8	8	4	4	54	-	6	miss
23048.8	8	3	2	57	-	6	miss
23048.8	8	2	2	61	-	6	miss
23048.8	8	1	2	66	-	6	miss
23231.7	8	6	2	42	-	6	miss
23231.7	8	5	4	49	-	6	miss
23231.7	8	4	4	54	-	6	miss
23231.7	8	3	2	57	-	6	miss
23231.7	8	2	2	61	-	6	miss
23231.7	8	1	2	66	-	6	miss
23414.6	9	6	2	42	-	6	hit
23414.6	9	5	4	49	-	6	hit
23414.6	9	4	4	54	-	6	hit
23414.6	9	3	2	57	-	6	hit
23414.6	9	2	2	61	-	6	hit
23414.6	9	1	2	66	-	6	hit
23780.5	9	6	2	42	-	6	miss
23780.5	9	5	4	49	-	6	miss
23780.5	9	4	4	54	-	6	miss
23780.5	9	3	2	57	-	6	miss
23780.5	9	2	2	61	-	6	miss
23780.5	9	1	2	66	-	6	miss
23963.4	9	6	2	42	-	6	hit
23963.4	9	5	4	49	-	6	hit
23963.4	9	4	4	54	-	6	hit
23963.4	9	3	2	57	-	6	hit
23963.4	9	2	2	61	-	6	hit
23963.4	9	1	2	66	-	6	hit
24146.3	9	6	2	42	-	6	miss
24146.3	9	5	4	49	-	6	miss
24146.3	9	4	4	54	-	6	miss
24146.3	9	3	2	57	-	6	miss
24146.3	9	2	2	61	-	6	miss
24146.3	9	1	2	66	-	6	miss
24512.2	9	6	2	42	-	6	miss
24512.2	9	5	4	49	-	6	miss
24512.2	9	4	4	54	-	6	miss
24512.2	9	3	2	57	-	6	miss
24512.2	9	2	2	61	-	6	miss
24512.2	9	1	2	66	-	6	miss
24878.0	9	6	2	42	-	6	hit
24878.0	9	5	4	49	-	6	hit
24878.0	9	4	4	54	-	6	hit
24878.0	9	3	2	57	-	6	hit
24878.0	9	2	2	61	-	6	hit
24878.0	9	1	2	66	-	6	hit
25061.0	9	6	2	42	-	6	hit
25061.0	9	5	4	49	-	6	hit
25061.0	9	4	4	54	-	6	hit
25061.0	9	3	2	57	-	6	hit
25061.0	9	2	2	61	-	6	hit
25061.0	9	1	2	66	-	6	hit
25243.9	9	6	2	42	-	6	hit
25243.9	9	5	4	49	-	6	hit
25243.9	9	4	4	54	-	6	hit
25243.9	9	3	2	57	-	6	hit
25243.9	9	2	2	61	-	6	hit
25243.9	9	1	2	66	-	6	hit
25609.8	9	6	2	42	-	6	hit
25609.8	9	5	4	49	-	6	hit
25609.8	9	4	4	54	-	6	hit
25609.8	9	3	2	57	-	6	hit
25609.8	9	2	2	61	-	6	hit
25609.8	9	1	2	66	-	6	hit
25975.6	9	6	2	42	-	6	hit
25975.6	9	5	4	49	-	6	hit
25975.6	9	4	4	54	-	6	hit
25975.6	9	3	2	57	-	6	hit
25975.6	9	2	2	61	-	6	hit
25975.6	9	1	2	66	-	6	hit
26158.5	9	6	2	42	-	6	hit
26158.5	9	5	4	49	-	6	hit
26158.5	9	4	4	54	-	6	hit
26158.5	9	3	2	57	-	6	hit
26158.5	9	2	2	61	-	6	hit
26158.5	9	1	2	66	-	6	hit
26341.5	10	5	5	50	-	3	hit
26341.5	10	4	7	57	-	3	hit
26341.5	10	3	7	62	-	3	hit
26707.3	10	5	5	50	-	3	hit
26707.3	10	4	7	57	-	3	hit
26707.3	10	3	7	62	-	3	hit
27073.2	10	5	5	50	-	3	hit
27073.2	10	4	7	57	-	3	hit
27073.2	10	3	7	62	-	3	hit
27439.0	10	5	5	50	-	3	hit
27439.0	10	4	7	57	-	3	hit
27439.0	10	3	7	62	-	3	hit
27804.9	10	5	5	50	-	3	hit
27804.9	10	4	7	57	-	3	hit
27804.9	10	3	7	62	-	3	hit
28170.7	10	5	5	50	-	3	hit
28170.7	10	4	7	57	-	3	hit
28170.7	10	3	7	62	-	3	hit
28536.6	10	5	5	50	-	3	hit
28536.6	10	4	7	57	-	3	hit
28536.6	10	3	7	62	-	3	hit
28902.4	10	5	5	50	-	3	hit
28902.4	10	4	7	57	-	3	hit
28902.4	10	3	7	62	-	3	hit
29268.3	11	5	7	52	-	3	hit
29268.3	11	4	9	59	-	3	hit
29268.3	11	3	9	64	-	3	hit
29634.1	11	5	7	52	-	3	hit
29634.1	11	4	9	59	-	3	hit
29634.1	11	3	9	64	-	3	hit
30000.0	11	5	7	52	-	3	hit
30000.0	11	4	9	59	-	3	hit
30000.0	11	3	9	64	-	3	hit
30365.9	11	5	7	52	-	3	hit
30365.9	11	4	9	59	-	3	hit
30365.9	11	3	9	64	-	3	hit
30731.7	11	5	7	52	-	3	miss
30731.7	11	4	9	59	-	3	miss
30731.7	11	3	9	64	-	3	miss
31097.6	11	5	7	52	-	3	hit
31097.6	11	4	9	59	-	3	hit
31097.6	11	3	9	64	-	3	hit
31463.4	11	5	7	52	-	3	hit
31463.4	11	4	9	59	-	3	hit
31463.4	11	3	9	64	-	3	hit
31829.3	11	5	7	52	-	3	hit
31829.3	11	4	9	59	-	3	hit
31829.3	11	3	9	64	-	3	hit
32195.1	12	5	5	50	-	3	hit
32195.1	12	4	7	57	-	3	hit
32195.1	12	3	7	62	-	3	hit
32561.0	12	5	5	50	-	3	hit
32561.0	12	4	7	57	-	3	hit
32561.0	12	3	7	62	-	3	hit
32926.8	12	5	5	50	-	3	hit
32926.8	12	4	7	57	-	3	hit
32926.8	12	3	7	62	-	3	hit
33292.7	12	5	5	50	-	3	hit
33292.7	12	4	7	57	-	3	hit
33292.7	12	3	7	62	-	3	hit
33658.5	12	5	5	50	-	3	hit
33658.5	12	4	7	57	-	3	hit
33658.5	12	3	7	62	-	3	hit
34024.4	12	5	5	50	-	3	hit
34024.4	12	4	7	57	-	3	hit
34024.4	12	3	7	62	-	3	hit
34390.2	12	5	5	50	-	3	hit
34390.2	12	4	7	57	-	3	hit
34390.2	12	3	7	62	-	3	hit
34756.1	12	5	5	50	-	3	hit
34756.1	12	4	7	57	-	3	hit
34756.1	12	3	7	62	-	3	hit
35122.0	13	5	7	52	-	3	hit
35122.0	13	4	9	59	-	3	hit
35122.0	13	3	9	64	-	3	hit
35487.8	13	5	7	52	-	3	hit
35487.8	13	4	9	59	-	3	hit
35487.8	13	3	9	64	-	3	hit
35853.7	13	5	7	52	-	3	hit
35853.7	13	4	9	59	-	3	hit
35853.7	13	3	9	64	-	3	hit
36219.5	13	5	7	52	-	3	hit
36219.5	13	4	9	59	-	3	hit
36219.5	13	3	9	64	-	3	hit
36585.4	13	5	7	52	-	3	hit
36585.4	13	4	9	59	-	3	hit
36585.4	13	3	9	64	-	3	hit
36951.2	13	5	7	52	-	3	hit
36951.2	13	4	9	59	-	3	hit
36951.2	13	3	9	64	-	3	hit
37317.1	13	5	0	45	d	3	hit
37317.1	13	4	0	50	d	3	hit
37317.1	13	3	0	55	d	3	hit
37500.0	13	5	0	45	d	3	miss
37500.0	13	4	0	50	d	3	miss
37500.0	13	3	0	55	d	3	miss
37682.9	13	5	0	45	d	3	hit
37682.9	13	4	0	50	d	3	hit
37682.9	13	3	0	55	d	3	hit
37865.9	13	5	0	45	d	3	hit
37865.9	13	4	0	50	d	3	hit
37865.9	13	3	0	55	d	3	hit
38048.8	14	6	5	45	-	3	hit
38048.8	14	5	7	52	-	3	hit
38048.8	14	4	7	57	-	3	hit
38414.6	14	6	5	45	-	3	hit
38414.6	14	5	7	52	-	3	hit
38414.6	14	4	7	57	-	3	hit
38780.5	14	6	5	45	-	3	miss
38780.5	14	5	7	52	-	3	hit
38780.5	14	4	7	57	-	3	hit
39146.3	14	6	5	45	-	3	hit
39146.3	14	5	7	52	-	3	hit
39146.3	14	4	7	57	-	3	hit
39512.2	14	6	5	45	-	3	hit
39512.2	14	5	7	52	-	3	hit
39512.2	14	4	7	57	-	3	hit
39878.0	14	6	5	45	-	3	hit
39878.0	14	5	7	52	-	3	hit
39878.0	14	4	7	57	-	3	hit
40243.9	14	6	5	45	-	3	hit
40243.9	14	5	7	52	-	3	hit
40243.9	14	4	7	57	-	3	hit
40609.8	14	6	5	45	-	3	close
40609.8	14	5	7	52	-	3	close
40609.8	14	4	7	57	-	3	close
40975.6	15	6	2	42	-	3	hit
40975.6	15	5	4	49	-	3	hit
40975.6	15	4	4	54	-	3	hit
41341.5	15	6	2	42	-	3	hit
41341.5	15	5	4	49	-	3	hit
41341.5	15	4	4	54	-	3	hit
41707.3	15	6	2	42	-	3	hit
41707.3	15	5	4	49	-	3	hit
41707.3	15	4	4	54	-	3	hit
42073.2	15	6	2	42	-	3	hit
42073.2	15	5	4	49	-	3	hit
42073.2	15	4	4	54	-	3	hit
42439.0	15	6	2	42	-	3	hit
42439.0	15	5	4	49	-	3	hit
42439.0	15	4	4	54	-	3	hit
42804.9	15	6	2	42	-	3	hit
42804.9	15	5	4	49	-	3	hit
42804.9	15	4	4	54	-	3	hit
43170.7	15	6	2	42	-	3	hit
43170.7	15	5	4	49	-	3	hit
43170.7	15	4	4	54	-	3	hit
43536.6	15	6	2	42	-	3	close
43536.6	15	5	4	49	-	3	close
43536.6	15	4	4	54	-	3	close
43902.4	16	5	5	50	-	3	hit
43902.4	16	4	7	57	-	3	hit
43902.4	16	3	7	62	-	3	hit
44268.3	16	5	5	50	-	3	hit
44268.3	16	4	7	57	-	3	hit
44268.3	16	3	7	62	-	3	hit
44634.1	16	5	5	50	-	3	hit
44634.1	16	4	7	57	-	3	hit
44634.1	16	3	7	62	-	3	hit
45000.0	16	5	5	50	-	3	hit
45000.0	16	4	7	57	-	3	hit
45000.0	16	3	7	62	-	3	hit
45365.9	16	5	5	50	-	3	hit
45365.9	16	4	7	57	-	3	hit
45365.9	16	3	7	62	-	3	hit
45731.7	16	5	5	50	-	3	hit
45731.7	16	4	7	57	-	3	hit
45731.7	16	3	7	62	-	3	hit
46097.6	16	5	5	50	-	3	hit
46097.6	16	4	7	57	-	3	hit
46097.6	16	3	7	62	-	3	hit
46463.4	16	5	5	50	-	3	hit
46463.4	16	4	7	57	-	3	hit
46463.4	16	3	7	62	-	3	hit
46829.3	17	6	0	40	-	3	hit
46829.3	17	5	2	47	-	3	hit
46829.3	17	4	2	52	-	3	hit
47195.1	17	6	0	40	-	3	hit
47195.1	17	5	2	47	-	3	hit
47195.1	17	4	2	52	-	3	hit
47561.0	17	6	0	40	-	3	hit
47561.0	17	5	2	47	-	3	hit
47561.0	17	4	2	52	-	3	hit
47926.8	17	6	0	40	-	3	hit
47926.8	17	5	2	47	-	3	hit
47926.8	17	4	2	52	-	3	hit
48292.7	17	6	0	40	-	3	hit
48292.7	17	5	2	47	-	3	hit
48292.7	17	4	2	52	-	3	hit
48658.5	17	6	0	40	-	3	hit
48658.5	17	5	2	47	-	3	hit
48658.5	17	4	2	52	-	3	hit
49024.4	17	6	0	40	-	3	hit
49024.4	17	5	2	47	-	3	hit
49024.4	17	4	2	52	-	3	hit
49390.2	17	6	0	40	-	3	hit
49390.2	17	5	2	47	-	3	hit
49390.2	17	4	2	52	-	3	hit
49756.1	18	6	5	45	-	3	hit
49756.1	18	5	7	52	-	3	hit
49756.1	18	4	7	57	-	3	hit
50122.0	18	6	5	45	-	3	hit
50122.0	18	5	7	52	-	3	hit
50122.0	18	4	7	57	-	3	hit
50487.8	18	6	5	45	-	3	hit
50487.8	18	5	7	52	-	3	hit
50487.8	18	4	7	57	-	3	hit
50853.7	18	6	5	45	-	3	hit
50853.7	18	5	7	52	-	3	hit
50853.7	18	4	7	57	-	3	hit
51219.5	18	6	5	45	-	3	hit
51219.5	18	5	7	52	-	3	hit
51219.5	18	4	7	57	-	3	hit
51585.4	18	6	5	45	-	3	hit
51585.4	18	5	7	52	-	3	hit
51585.4	18	4	7	57	-	3	hit
51951.2	18	6	5	45	-	3	hit
51951.2	18	5	7	52	-	3	hit
51951.2	18	4	7	57	-	3	hit
52317.1	18	6	5	45	-	3	hit
52317.1	18	5	7	52	-	3	hit
52317.1	18	4	7	57	-	3	hit
52682.9	19	6	2	42	-	3	hit
52682.9	19	5	4	49	-	3	hit
52682.9	19	4	4	54	-	3	hit
53048.8	19	6	2	42	-	3	hit
53048.8	19	5	4	49	-	3	hit
53048.8	19	4	4	54	-	3	hit
53414.6	19	6	2	42	-	3	hit
53414.6	19	5	4	49	-	3	hit
53414.6	19	4	4	54	-	3	hit
53780.5	19	6	2	42	-	3	miss
53780.5	19	5	4	49	-	3	miss
53780.5	19	4	4	54	-	3	miss
54146.3	19	6	2	42	-	3	hit
54146.3	19	5	4	49	-	3	hit
54146.3	19	4	4	54	-	3	hit
54512.2	19	6	2	42	-	3	miss
54512.2	19	5	4	49	-	3	miss
54512.2	19	4	4	54	-	3	miss
54878.0	19	6	2	42	-	3	miss
54878.0	19	5	4	49	-	3	miss
54878.0	19	4	4	54	-	3	miss
55243.9	19	6	2	42	-	3	miss
55243.9	19	5	4	49	-	3	miss
55243.9	19	4	4	54	-	3	miss
55609.8	20	5	5	50	-	3	miss
55609.8	20	4	7	57	-	3	miss
55609.8	20	3	7	62	-	3	miss
55975.6	20	5	5	50	-	3	hit
55975.6	20	4	7	57	-	3	hit
55975.6	20	3	7	62	-	3	hit
56341.5	20	5	5	50	-	3	hit
56341.5	20	4	7	57	-	3	hit
56341.5	20	3	7	62	-	3	hit
56707.3	20	5	5	50	-	3	hit
56707.3	20	4	7	57	-	3	hit
56707.3	20	3	7	62	-	3	hit
57073.2	20	5	5	50	-	3	hit
57073.2	20	4	7	57	-	3	hit
57073.2	20	3	7	62	-	3	hit
57439.0	20	5	5	50	-	3	hit
57439.0	20	4	7	57	-	3	hit
57439.0	20	3	7	62	-	3	hit
57804.9	20	5	5	50	-	3	miss
57804.9	20	4	7	57	-	3	hit
57804.9	20	3	7	62	-	3	hit
58170.7	20	5	5	50	-	3	miss
58170.7	20	4	7	57	-	3	miss
58170.7	20	3	7	62	-	3	miss
58536.6	21	5	7	52	-	3	hit
58536.6	21	4	9	59	-	3	hit
58536.6	21	3	9	64	-	3	hit
61463.4	22	6	2	42	-	6	miss
61463.4	22	5	4	49	-	6	miss
61463.4	22	4	4	54	-	6	miss
61463.4	22	3	2	57	-	6	miss
61463.4	22	2	2	61	-	6	miss
61463.4	22	1	2	66	-	6	miss
61829.3	22	6	2	42	-	6	hit
61829.3	22	5	4	49	-	6	hit
61829.3	22	4	4	54	-	6	hit
61829.3	22	3	2	57	-	6	hit
61829.3	22	2	2	61	-	6	hit
61829.3	22	1	2	66	-	6	hit
62012.2	22	6	2	42	-	6	hit
62012.2	22	5	4	49	-	6	hit
62012.2	22	4	4	54	-	6	hit
62012.2	22	3	2	57	-	6	hit
62012.2	22	2	2	61	-	6	hit
62012.2	22	1	2	66	-	6	hit
62195.1	22	6	2	42	-	6	hit
62195.1	22	5	4	49	-	6	hit
62195.1	22	4	4	54	-	6	hit
62195.1	22	3	2	57	-	6	hit
62195.1	22	2	2	61	-	6	hit
62195.1	22	1	2	66	-	6	hit
62561.0	22	6	2	42	-	6	hit
62561.0	22	5	4	49	-	6	hit
62561.0	22	4	4	54	-	6	hit
62561.0	22	3	2	57	-	6	hit
62561.0	22	2	2	61	-	6	hit
62561.0	22	1	2	66	-	6	hit
62926.8	22	6	2	42	-	6	hit
62926.8	22	5	4	49	-	6	hit
62926.8	22	4	4	54	-	6	hit
62926.8	22	3	2	57	-	6	hit
62926.8	22	2	2	61	-	6	hit
62926.8	22	1	2	66	-	6	hit
63109.8	22	6	2	42	-	6	hit
63109.8	22	5	4	49	-	6	hit
63109.8	22	4	4	54	-	6	hit
63109.8	22	3	2	57	-	6	hit
63109.8	22	2	2	61	-	6	hit
63109.8	22	1	2	66	-	6	hit
63292.7	22	6	2	42	-	6	hit
63292.7	22	5	4	49	-	6	hit
63292.7	22	4	4	54	-	6	hit
63292.7	22	3	2	57	-	6	hit
63292.7	22	2	2	61	-	6	hit
63292.7	22	1	2	66	-	6	hit
63658.5	22	6	2	42	-	6	hit
63658.5	22	5	4	49	-	6	hit
63658.5	22	4	4	54	-	6	hit
63658.5	22	3	2	57	-	6	hit
63658.5	22	2	2	61	-	6	hit
63658.5	22	1	2	66	-	6	hit
64024.4	22	6	2	42	-	6	hit
64024.4	22	5	4	49	-	6	hit
64024.4	22	4	4	54	-	6	hit
64024.4	22	3	2	57	-	6	hit
64024.4	22	2	2	61	-	6	hit
64024.4	22	1	2	66	-	6	hit
64207.3	22	6	2	42	-	6	hit
64207.3	22	5	4	49	-	6	hit
64207.3	22	4	4	54	-	6	hit
64207.3	22	3	2	57	-	6	hit
64207.3	22	2	2	61	-	6	hit
64207.3	22	1	2	66	-	6	hit
64390.2	23	6	2	42	-	6	hit
64390.2	23	5	4	49	-	6	hit
64390.2	23	4	4	54	-	6	hit
64390.2	23	3	2	57	-	6	hit
64390.2	23	2	2	61	-	6	hit
64390.2	23	1	2	66	-	6	hit
64756.1	23	6	2	42	-	6	hit
64756.1	23	5	4	49	-	6	hit
64756.1	23	4	4	54	-	6	hit
64756.1	23	3	2	57	-	6	hit
64756.1	23	2	2	61	-	6	hit
64756.1	23	1	2	66	-	6	hit
64939.0	23	6	2	42	-	6	hit
64939.0	23	5	4	49	-	6	hit
64939.0	23	4	4	54	-	6	hit
64939.0	23	3	2	57	-	6	hit
64939.0	23	2	2	61	-	6	hit
64939.0	23	1	2	66	-	6	hit
65122.0	23	6	2	42	-	6	hit
65122.0	23	5	4	49	-	6	hit
65122.0	23	4	4	54	-	6	hit
65122.0	23	3	2	57	-	6	hit
65122.0	23	2	2	61	-	6	hit
65122.0	23	1	2	66	-	6	hit
65487.8	23	6	2	42	-	6	hit
65487.8	23	5	4	49	-	6	hit
65487.8	23	4	4	54	-	6	hit
65487.8	23	3	2	57	-	6	hit
65487.8	23	2	2	61	-	6	hit
65487.8	23	1	2	66	-	6	hit
65853.7	23	6	2	42	-	6	hit
65853.7	23	5	4	49	-	6	hit
65853.7	23	4	4	54	-	6	hit
65853.7	23	3	2	57	-	6	hit
65853.7	23	2	2	61	-	6	hit
65853.7	23	1	2	66	-	6	hit
66036.6	23	6	2	42	-	6	hit
66036.6	23	5	4	49	-	6	hit
66036.6	23	4	4	54	-	6	hit
66036.6	23	3	2	57	-	6	hit
66036.6	23	2	2	61	-	6	hit
66036.6	23	1	2	66	-	6	hit
66219.5	23	6	2	42	-	6	hit
66219.5	23	5	4	49	-	6	hit
66219.5	23	4	4	54	-	6	hit
66219.5	23	3	2	57	-	6	hit
66219.5	23	2	2	61	-	6	hit
66219.5	23	1	2	66	-	6	hit
66585.4	23	6	2	42	-	6	hit
66585.4	23	5	4	49	-	6	hit
66585.4	23	4	4	54	-	6	hit
66585.4	23	3	2	57	-	6	hit
66585.4	23	2	2	61	-	6	hit
66585.4	23	1	2	66	-	6	hit
66951.2	23	6	2	42	-	6	hit
66951.2	23	5	4	49	-	6	hit
66951.2	23	4	4	54	-	6	hit
66951.2	23	3	2	57	-	6	hit
66951.2	23	2	2	61	-	6	hit
66951.2	23	1	2	66	-	6	hit
67134.1	23	6	2	42	-	6	hit
67134.1	23	5	4	49	-	6	hit
67134.1	23	4	4	54	-	6	hit
67134.1	23	3	2	57	-	6	hit
67134.1	23	2	2	61	-	6	hit
67134.1	23	1	2	66	-	6	hit
67317.1	24	6	2	42	-	6	hit
67317.1	24	5	4	49	-	6	hit
67317.1	24	4	4	54	-	6	hit
67317.1	24	3	2	57	-	6	hit
67317.1	24	2	2	61	-	6	hit
67317.1	24	1	2	66	-	6	hit
67682.9	24	6	2	42	-	6	hit
67682.9	24	5	4	49	-	6	hit
67682.9	24	4	4	54	-	6	hit
67682.9	24	3	2	57	-	6	hit
67682.9	24	2	2	61	-	6	hit
67682.9	24	1	2	66	-	6	hit
67865.9	24	6	2	42	-	6	hit
67865.9	24	5	4	49	-	6	hit
67865.9	24	4	4	54	-	6	hit
67865.9	24	3	2	57	-	6	hit
67865.9	24	2	2	61	-	6	hit
67865.9	24	1	2	66	-	6	hit
68048.8	24	6	2	42	-	6	hit
68048.8	24	5	4	49	-	6	hit
68048.8	24	4	4	54	-	6	hit
68048.8	24	3	2	57	-	6	hit
68048.8	24	2	2	61	-	6	hit
68048.8	24	1	2	66	-	6	hit
68414.6	24	6	2	42	-	6	hit
68414.6	24	5	4	49	-	6	hit
68414.6	24	4	4	54	-	6	hit
68414.6	24	3	2	57	-	6	hit
68414.6	24	2	2	61	-	6	hit
68414.6	24	1	2	66	-	6	hit
68780.5	24	6	2	42	-	6	hit
68780.5	24	5	4	49	-	6	hit
68780.5	24	4	4	54	-	6	hit
68780.5	24	3	2	57	-	6	hit
68780.5	24	2	2	61	-	6	hit
68780.5	24	1	2	66	-	6	hit
68963.4	24	6	2	42	-	6	miss
68963.4	24	5	4	49	-	6	miss
68963.4	24	4	4	54	-	6	miss
68963.4	24	3	2	57	-	6	miss
68963.4	24	2	2	61	-	6	miss
68963.4	24	1	2	66	-	6	miss
69146.3	24	6	2	42	-	6	hit
69146.3	24	5	4	49	-	6	hit
69146.3	24	4	4	54	-	6	hit
69146.3	24	3	2	57	-	6	hit
69146.3	24	2	2	61	-	6	hit
69146.3	24	1	2	66	-	6	hit
69512.2	24	6	2	42	-	6	hit
69512.2	24	5	4	49	-	6	hit
69512.2	24	4	4	54	-	6	hit
69512.2	24	3	2	57	-	6	hit
69512.2	24	2	2	61	-	6	hit
69512.2	24	1	2	66	-	6	hit
69878.0	24	6	2	42	-	6	hit
69878.0	24	5	4	49	-	6	hit
69878.0	24	4	4	54	-	6	hit
69878.0	24	3	2	57	-	6	hit
69878.0	24	2	2	61	-	6	hit
69878.0	24	1	2	66	-	6	hit
70061.0	24	6	2	42	-	6	hit
70061.0	24	5	4	49	-	6	hit
70061.0	24	4	4	54	-	6	hit
70061.0	24	3	2	57	-	6	hit
70061.0	24	2	2	61	-	6	hit
70061.0	24	1	2	66	-	6	hit
70243.9	25	6	2	42	-	6	hit
70243.9	25	5	4	49	-	6	hit
70243.9	25	4	4	54	-	6	hit
70243.9	25	3	2	57	-	6	hit
70243.9	25	2	2	61	-	6	hit
70243.9	25	1	2	66	-	6	hit
70609.8	25	6	2	42	-	6	hit
70609.8	25	5	4	49	-	6	hit
70609.8	25	4	4	54	-	6	hit
70609.8	25	3	2	57	-	6	hit
70609.8	25	2	2	61	-	6	hit
70609.8	25	1	2	66	-	6	hit
70792.7	25	6	2	42	-	6	hit
70792.7	25	5	4	49	-	6	hit
70792.7	25	4	4	54	-	6	hit
70792.7	25	3	2	57	-	6	hit
70792.7	25	2	2	61	-	6	hit
70792.7	25	1	2	66	-	6	hit
70975.6	25	6	2	42	-	6	hit
70975.6	25	5	4	49	-	6	hit
70975.6	25	4	4	54	-	6	hit
70975.6	25	3	2	57	-	6	hit
70975.6	25	2	2	61	-	6	hit
70975.6	25	1	2	66	-	6	hit
71341.5	25	6	2	42	-	6	hit
71341.5	25	5	4	49	-	6	hit
71341.5	25	4	4	54	-	6	hit
71341.5	25	3	2	57	-	6	hit
71341.5	25	2	2	61	-	6	hit
71341.5	25	1	2	66	-	6	hit
71707.3	25	6	2	42	-	6	hit
71707.3	25	5	4	49	-	6	hit
71707.3	25	4	4	54	-	6	hit
71707.3	25	3	2	57	-	6	hit
71707.3	25	2	2	61	-	6	hit
71707.3	25	1	2	66	-	6	hit
71890.2	25	6	2	42	-	6	hit
71890.2	25	5	4	49	-	6	hit
71890.2	25	4	4	54	-	6	hit
71890.2	25	3	2	57	-	6	hit
71890.2	25	2	2	61	-	6	hit
71890.2	25	1	2	66	-	6	hit
72073.2	25	6	2	42	-	6	hit
72073.2	25	5	4	49	-	6	hit
72073.2	25	4	4	54	-	6	hit
72073.2	25	3	2	57	-	6	hit
72073.2	25	2	2	61	-	6	hit
72073.2	25	1	2	66	-	6	hit
72439.0	25	6	2	42	-	6	hit
72439.0	25	5	4	49	-	6	hit
72439.0	25	4	4	54	-	6	hit
72439.0	25	3	2	57	-	6	hit
72439.0	25	2	2	61	-	6	hit
72439.0	25	1	2	66	-	6	hit
72804.9	25	6	2	42	-	6	hit
72804.9	25	5	4	49	-	6	hit
72804.9	25	4	4	54	-	6	hit
72804.9	25	3	2	57	-	6	hit
72804.9	25	2	2	61	-	6	hit
72804.9	25	1	2	66	-	6	hit
72987.8	25	6	2	42	-	6	hit
72987.8	25	5	4	49	-	6	hit
72987.8	25	4	4	54	-	6	hit
72987.8	25	3	2	57	-	6	hit
72987.8	25	2	2	61	-	6	hit
72987.8	25	1	2	66	-	6	hit
73170.7	26	6	2	42	-	6	hit
73170.7	26	5	4	49	-	6	hit
73170.7	26	4	4	54	-	6	hit
73170.7	26	3	2	57	-	6	hit
73170.7	26	2	2	61	-	6	hit
73170.7	26	1	2	66	-	6	hit
73536.6	26	6	2	42	-	6	hit
73536.6	26	5	4	49	-	6	hit
73536.6	26	4	4	54	-	6	hit
73536.6	26	3	2	57	-	6	hit
73536.6	26	2	2	61	-	6	hit
73536.6	26	1	2	66	-	6	hit
73719.5	26	6	2	42	-	6	hit
73719.5	26	5	4	49	-	6	hit
73719.5	26	4	4	54	-	6	hit
73719.5	26	3	2	57	-	6	hit
73719.5	26	2	2	61	-	6	hit
73719.5	26	1	2	66	-	6	hit
73902.4	26	6	2	42	-	6	hit
73902.4	26	5	4	49	-	6	hit
73902.4	26	4	4	54	-	6	hit
73902.4	26	3	2	57	-	6	hit
73902.4	26	2	2	61	-	6	hit
73902.4	26	1	2	66	-	6	hit
74268.3	26	6	2	42	-	6	hit
74268.3	26	5	4	49	-	6	hit
74268.3	26	4	4	54	-	6	hit
74268.3	26	3	2	57	-	6	hit
74268.3	26	2	2	61	-	6	hit
74268.3	26	1	2	66	-	6	hit
74634.1	26	6	2	42	-	6	miss
74634.1	26	5	4	49	-	6	miss
74634.1	26	4	4	54	-	6	miss
74634.1	26	3	2	57	-	6	miss
74634.1	26	2	2	61	-	6	miss
74634.1	26	1	2	66	-	6	miss
74817.1	26	6	2	42	-	6	hit
74817.1	26	5	4	49	-	6	hit
74817.1	26	4	4	54	-	6	hit
74817.1	26	3	2	57	-	6	hit
74817.1	26	2	2	61	-	6	hit
74817.1	26	1	2	66	-	6	hit
75000.0	26	6	2	42	-	6	hit
75000.0	26	5	4	49	-	6	hit
75000.0	26	4	4	54	-	6	hit
75000.0	26	3	2	57	-	6	hit
75000.0	26	2	2	61	-	6	hit
75000.0	26	1	2	66	-	6	hit
75365.9	26	6	2	42	-	6	hit
75365.9	26	5	4	49	-	6	hit
75365.9	26	4	4	54	-	6	hit
75365.9	26	3	2	57	-	6	hit
75365.9	26	2	2	61	-	6	hit
75365.9	26	1	2	66	-	6	hit
75731.7	26	6	2	42	-	6	miss
75731.7	26	5	4	49	-	6	miss
75731.7	26	4	4	54	-	6	miss
75731.7	26	3	2	57	-	6	miss
75731.7	26	2	2	61	-	6	miss
75731.7	26	1	2	66	-	6	miss
75914.6	26	6	2	42	-	6	hit
75914.6	26	5	4	49	-	6	hit
75914.6	26	4	4	54	-	6	hit
75914.6	26	3	2	57	-	6	hit
75914.6	26	2	2	61	-	6	hit
75914.6	26	1	2	66	-	6	hit
76097.6	27	6	2	42	-	6	miss
76097.6	27	5	4	49	-	6	hit
76097.6	27	4	4	54	-	6	hit
76097.6	27	3	2	57	-	6	hit
76097.6	27	2	2	61	-	6	hit
76097.6	27	1	2	66	-	6	hit
76463.4	27	6	2	42	-	6	hit
76463.4	27	5	4	49	-	6	hit
76463.4	27	4	4	54	-	6	hit
76463.4	27	3	2	57	-	6	hit
76463.4	27	2	2	61	-	6	hit
76463.4	27	1	2	66	-	6	hit
76646.3	27	6	2	42	-	6	miss
76646.3	27	5	4	49	-	6	miss
76646.3	27	4	4	54	-	6	miss
76646.3	27	3	2	57	-	6	miss
76646.3	27	2	2	61	-	6	miss
76646.3	27	1	2	66	-	6	miss
76829.3	27	6	2	42	-	6	hit
76829.3	27	5	4	49	-	6	hit
76829.3	27	4	4	54	-	6	hit
76829.3	27	3	2	57	-	6	hit
76829.3	27	2	2	61	-	6	hit
76829.3	27	1	2	66	-	6	hit
77195.1	27	6	2	42	-	6	hit
77195.1	27	5	4	49	-	6	hit
77195.1	27	4	4	54	-	6	hit
77195.1	27	3	2	57	-	6	hit
77195.1	27	2	2	61	-	6	hit
77195.1	27	1	2	66	-	6	hit
77561.0	27	6	2	42	-	6	miss
77561.0	27	5	4	49	-	6	miss
77561.0	27	4	4	54	-	6	miss
77561.0	27	3	2	57	-	6	miss
77561.0	27	2	2	61	-	6	miss
77561.0	27	1	2	66	-	6	miss
77743.9	27	6	2	42	-	6	hit
77743.9	27	5	4	49	-	6	hit
77743.9	27	4	4	54	-	6	hit
77743.9	27	3	2	57	-	6	hit
77743.9	27	2	2	61	-	6	hit
77743.9	27	1	2	66	-	6	hit
77926.8	27	6	2	42	-	6	hit
77926.8	27	5	4	49	-	6	hit
77926.8	27	4	4	54	-	6	hit
77926.8	27	3	2	57	-	6	hit
77926.8	27	2	2	61	-	6	hit
77926.8	27	1	2	66	-	6	hit
78292.7	27	6	2	42	-	6	hit
78292.7	27	5	4	49	-	6	hit
78292.7	27	4	4	54	-	6	hit
78292.7	27	3	2	57	-	6	hit
78292.7	27	2	2	61	-	6	hit
78292.7	27	1	2	66	-	6	hit
78658.5	27	6	2	42	-	6	hit
78658.5	27	5	4	49	-	6	hit
78658.5	27	4	4	54	-	6	hit
78658.5	27	3	2	57	-	6	hit
78658.5	27	2	2	61	-	6	hit
78658.5	27	1	2	66	-	6	hit
78841.5	27	6	2	42	-	6	hit
78841.5	27	5	4	49	-	6	hit
78841.5	27	4	4	54	-	6	hit
78841.5	27	3	2	57	-	6	hit
78841.5	27	2	2	61	-	6	hit
78841.5	27	1	2	66	-	6	hit
79024.4	28	6	2	42	-	6	hit
79024.4	28	5	4	49	-	6	hit
79024.4	28	4	4	54	-	6	hit
79024.4	28	3	2	57	-	6	hit
79024.4	28	2	2	61	-	6	hit
79024.4	28	1	2	66	-	6	hit
79390.2	28	6	2	42	-	6	hit
79390.2	28	5	4	49	-	6	hit
79390.2	28	4	4	54	-	6	hit
79390.2	28	3	2	57	-	6	hit
79390.2	28	2	2	61	-	6	hit
79390.2	28	1	2	66	-	6	hit
79573.2	28	6	2	42	-	6	hit
79573.2	28	5	4	49	-	6	hit
79573.2	28	4	4	54	-	6	hit
79573.2	28	3	2	57	-	6	hit
79573.2	28	2	2	61	-	6	hit
79573.2	28	1	2	66	-	6	hit
79756.1	28	6	2	42	-	6	hit
79756.1	28	5	4	49	-	6	hit
79756.1	28	4	4	54	-	6	hit
79756.1	28	3	2	57	-	6	hit
79756.1	28	2	2	61	-	6	hit
79756.1	28	1	2	66	-	6	hit
80122.0	28	6	2	42	-	6	hit
80122.0	28	5	4	49	-	6	hit
80122.0	28	4	4	54	-	6	hit
80122.0	28	3	2	57	-	6	hit
80122.0	28	2	2	61	-	6	hit
80122.0	28	1	2	66	-	6	hit
80487.8	28	6	2	42	-	6	hit
80487.8	28	5	4	49	-	6	hit
80487.8	28	4	4	54	-	6	hit
80487.8	28	3	2	57	-	6	hit
80487.8	28	2	2	61	-	6	hit
80487.8	28	1	2	66	-	6	hit
80670.7	28	6	2	42	-	6	hit
80670.7	28	5	4	49	-	6	hit
80670.7	28	4	4	54	-	6	hit
80670.7	28	3	2	57	-	6	hit
80670.7	28	2	2	61	-	6	hit
80670.7	28	1	2	66	-	6	hit
80853.7	28	6	2	42	-	6	hit
80853.7	28	5	4	49	-	6	hit
80853.7	28	4	4	54	-	6	hit
80853.7	28	3	2	57	-	6	hit
80853.7	28	2	2	61	-	6	hit
80853.7	28	1	2	66	-	6	hit
81219.5	28	6	2	42	-	6	hit
81219.5	28	5	4	49	-	6	hit
81219.5	28	4	4	54	-	6	hit
81219.5	28	3	2	57	-	6	hit
81219.5	28	2	2	61	-	6	hit
81219.5	28	1	2	66	-	6	hit
81585.4	28	6	2	42	-	6	hit
81585.4	28	5	4	49	-	6	hit
81585.4	28	4	4	54	-	6	hit
81585.4	28	3	2	57	-	6	hit
81585.4	28	2	2	61	-	6	hit
81585.4	28	1	2	66	-	6	hit
81768.3	28	6	2	42	-	6	hit
81768.3	28	5	4	49	-	6	hit
81768.3	28	4	4	54	-	6	hit
81768.3	28	3	2	57	-	6	hit
81768.3	28	2	2	61	-	6	hit
81768.3	28	1	2	66	-	6	hit
81951.2	29	6	2	42	-	6	hit
81951.2	29	5	4	49	-	6	hit
81951.2	29	4	4	54	-	6	hit
81951.2	29	3	2	57	-	6	hit
81951.2	29	2	2	61	-	6	hit
81951.2	29	1	2	66	-	6	hit
82317.1	29	6	2	42	-	6	miss
82317.1	29	5	4	49	-	6	miss
82317.1	29	4	4	54	-	6	miss
82317.1	29	3	2	57	-	6	miss
82317.1	29	2	2	61	-	6	miss
82317.1	29	1	2	66	-	6	miss
82500.0	29	6	2	42	-	6	hit
82500.0	29	5	4	49	-	6	hit
82500.0	29	4	4	54	-	6	hit
82500.0	29	3	2	57	-	6	hit
82500.0	29	2	2	61	-	6	hit
82500.0	29	1	2	66	-	6	hit
82682.9	29	6	2	42	-	6	hit
82682.9	29	5	4	49	-	6	hit
82682.9	29	4	4	54	-	6	hit
82682.9	29	3	2	57	-	6	hit
82682.9	29	2	2	61	-	6	hit
82682.9	29	1	2	66	-	6	hit
83048.8	29	6	2	42	-	6	miss
83048.8	29	5	4	49	-	6	miss
83048.8	29	4	4	54	-	6	miss
83048.8	29	3	2	57	-	6	miss
83048.8	29	2	2	61	-	6	miss
83048.8	29	1	2	66	-	6	miss
83414.6	29	6	2	42	-	6	hit
83414.6	29	5	4	49	-	6	hit
83414.6	29	4	4	54	-	6	hit
83414.6	29	3	2	57	-	6	hit
83414.6	29	2	2	61	-	6	hit
83414.6	29	1	2	66	-	6	hit
83597.6	29	6	2	42	-	6	hit
83597.6	29	5	4	49	-	6	hit
83597.6	29	4	4	54	-	6	hit
83597.6	29	3	2	57	-	6	hit
83597.6	29	2	2	61	-	6	hit
83597.6	29	1	2	66	-	6	hit
83780.5	29	6	2	42	-	6	hit
83780.5	29	5	4	49	-	6	hit
83780.5	29	4	4	54	-	6	hit
83780.5	29	3	2	57	-	6	hit
83780.5	29	2	2	61	-	6	hit
83780.5	29	1	2	66	-	6	hit
84146.3	29	6	2	42	-	6	hit
84146.3	29	5	4	49	-	6	hit
84146.3	29	4	4	54	-	6	hit
84146.3	29	3	2	57	-	6	hit
84146.3	29	2	2	61	-	6	hit
84146.3	29	1	2	66	-	6	hit
84512.2	29	6	2	42	-	6	miss
84512.2	29	5	4	49	-	6	miss
84512.2	29	4	4	54	-	6	miss
84512.2	29	3	2	57	-	6	miss
84512.2	29	2	2	61	-	6	miss
84512.2	29	1	2	66	-	6	miss
84695.1	29	6	2	42	-	6	miss
84695.1	29	5	4	49	-	6	miss
84695.1	29	4	4	54	-	6	miss
84695.1	29	3	2	57	-	6	miss
84695.1	29	2	2	61	-	6	miss
84695.1	29	1	2	66	-	6	miss
84878.0	30	5	5	50	-	3	hit
84878.0	30	4	7	57	-	3	hit
84878.0	30	3	7	62	-	3	hit
85243.9	30	5	5	50	-	3	hit
85243.9	30	4	7	57	-	3	hit
85243.9	30	3	7	62	-	3	hit
85609.8	30	5	5	50	-	3	hit
85609.8	30	4	7	57	-	3	hit
85609.8	30	3	7	62	-	3	hit
85975.6	30	5	5	50	-	3	hit
85975.6	30	4	7	57	-	3	hit
85975.6	30	3	7	62	-	3	hit
86341.5	30	5	5	50	-	3	hit
86341.5	30	4	7	57	-	3	hit
86341.5	30	3	7	62	-	3	hit
86707.3	30	5	5	50	-	3	hit
86707.3	30	4	7	57	-	3	hit
86707.3	30	3	7	62	-	3	hit
87073.2	30	5	5	50	-	3	hit
87073.2	30	4	7	57	-	3	hit
87073.2	30	3	7	62	-	3	hit
87439.0	30	5	5	50	-	3	hit
87439.0	30	4	7	57	-	3	hit
87439.0	30	3	7	62	-	3	hit
87804.9	31	5	7	52	-	3	hit
87804.9	31	4	9	59	-	3	hit
87804.9	31	3	9	64	-	3	hit
88170.7	31	5	7	52	-	3	hit
88170.7	31	4	9	59	-	3	hit
88170.7	31	3	9	64	-	3	hit
88536.6	31	5	7	52	-	3	hit
88536.6	31	4	9	59	-	3	hit
88536.6	31	3	9	64	-	3	hit
88902.4	31	5	7	52	-	3	hit
88902.4	31	4	9	59	-	3	hit
88902.4	31	3	9	64	-	3	hit
89268.3	31	5	7	52	-	3	hit
89268.3	31	4	9	59	-	3	hit
89268.3	31	3	9	64	-	3	hit
89634.1	31	5	7	52	-	3	hit
89634.1	31	4	9	59	-	3	hit
89634.1	31	3	9	64	-	3	hit
90000.0	31	5	7	52	-	3	hit
90000.0	31	4	9	59	-	3	hit
90000.0	31	3	9	64	-	3	hit
90365.9	31	5	7	52	-	3	hit
90365.9	31	4	9	59	-	3	hit
90365.9	31	3	9	64	-	3	hit
90731.7	32	5	5	50	-	3	hit
90731.7	32	4	7	57	-	3	hit
90731.7	32	3	7	62	-	3	hit
91097.6	32	5	5	50	-	3	hit
91097.6	32	4	7	57	-	3	hit
91097.6	32	3	7	62	-	3	hit
91463.4	32	5	5	50	-	3	hit
91463.4	32	4	7	57	-	3	hit
91463.4	32	3	7	62	-	3	hit
91829.3	32	5	5	50	-	3	hit
91829.3	32	4	7	57	-	3	hit
91829.3	32	3	7	62	-	3	hit
92195.1	32	5	5	50	-	3	hit
92195.1	32	4	7	57	-	3	hit
92195.1	32	3	7	62	-	3	hit
92561.0	32	5	5	50	-	3	hit
92561.0	32	4	7	57	-	3	hit
92561.0	32	3	7	62	-	3	hit
92926.8	32	5	5	50	-	3	hit
92926.8	32	4	7	57	-	3	hit
92926.8	32	3	7	62	-	3	hit
93292.7	32	5	5	50	-	3	hit
93292.7	32	4	7	57	-	3	hit
93292.7	32	3	7	62	-	3	hit
93658.5	33	5	7	52	-	3	hit
93658.5	33	4	9	59	-	3	hit
93658.5	33	3	9	64	-	3	hit
94024.4	33	5	7	52	-	3	hit
94024.4	33	4	9	59	-	3	hit
94024.4	33	3	9	64	-	3	hit
94390.2	33	5	7	52	-	3	hit
94390.2	33	4	9	59	-	3	hit
94390.2	33	3	9	64	-	3	hit
94756.1	33	5	7	52	-	3	hit
94756.1	33	4	9	59	-	3	hit
94756.1	33	3	9	64	-	3	hit
95122.0	33	5	7	52	-	3	hit
95122.0	33	4	9	59	-	3	hit
95122.0	33	3	9	64	-	3	hit
95487.8	33	5	7	52	-	3	hit
95487.8	33	4	9	59	-	3	hit
95487.8	33	3	9	64	-	3	hit
95853.7	33	5	0	45	d	3	hit
95853.7	33	4	0	50	d	3	hit
95853.7	33	3	0	55	d	3	hit
96036.6	33	5	0	45	d	3	hit
96036.6	33	4	0	50	d	3	hit
96036.6	33	3	0	55	d	3	hit
96219.5	33	5	0	45	d	3	hit
96219.5	33	4	0	50	d	3	hit
96219.5	33	3	0	55	d	3	hit
96402.4	33	5	0	45	d	3	hit
96402.4	33	4	0	50	d	3	hit
96402.4	33	3	0	55	d	3	hit
96585.4	34	6	5	45	-	3	hit
96585.4	34	5	7	52	-	3	hit
96585.4	34	4	7	57	-	3	hit
96951.2	34	6	5	45	-	3	hit
96951.2	34	5	7	52	-	3	hit
96951.2	34	4	7	57	-	3	hit
97317.1	34	6	5	45	-	3	hit
97317.1	34	5	7	52	-	3	hit
97317.1	34	4	7	57	-	3	hit
97682.9	34	6	5	45	-	3	hit
97682.9	34	5	7	52	-	3	hit
97682.9	34	4	7	57	-	3	hit
98048.8	34	6	5	45	-	3	hit
98048.8	34	5	7	52	-	3	hit
98048.8	34	4	7	57	-	3	hit
98414.6	34	6	5	45	-	3	hit
98414.6	34	5	7	52	-	3	hit
98414.6	34	4	7	57	-	3	hit
98780.5	34	6	5	45	-	3	hit
98780.5	34	5	7	52	-	3	hit
98780.5	34	4	7	57	-	3	hit
99146.3	34	6	5	45	-	3	hit
99146.3	34	5	7	52	-	3	hit
99146.3	34	4	7	57	-	3	hit
99512.2	35	6	2	42	-	3	hit
99512.2	35	5	4	49	-	3	hit
99512.2	35	4	4	54	-	3	hit
99878.0	35	6	2	42	-	3	miss
99878.0	35	5	4	49	-	3	hit
99878.0	35	4	4	54	-	3	hit
100243.9	35	6	2	42	-	3	miss
100243.9	35	5	4	49	-	3	hit
100243.9	35	4	4	54	-	3	hit
100609.8	35	6	2	42	-	3	hit
100609.8	35	5	4	49	-	3	hit
100609.8	35	4	4	54	-	3	hit
100975.6	35	6	2	42	-	3	hit
100975.6	35	5	4	49	-	3	hit
100975.6	35	4	4	54	-	3	hit
101341.5	35	6	2	42	-	3	hit
101341.5	35	5	4	49	-	3	hit
101341.5	35	4	4	54	-	3	hit
101707.3	35	6	2	42	-	3	hit
101707.3	35	5	4	49	-	3	hit
101707.3	35	4	4	54	-	3	hit
102073.2	35	6	2	42	-	3	hit
102073.2	35	5	4	49	-	3	hit
102073.2	35	4	4	54	-	3	hit
102439.0	36	5	5	50	-	3	hit
102439.0	36	4	7	57	-	3	hit
102439.0	36	3	7	62	-	3	hit
102804.9	36	5	5	50	-	3	hit
102804.9	36	4	7	57	-	3	hit
102804.9	36	3	7	62	-	3	hit
103170.7	36	5	5	50	-	3	hit
103170.7	36	4	7	57	-	3	hit
103170.7	36	3	7	62	-	3	hit
103536.6	36	5	5	50	-	3	hit
103536.6	36	4	7	57	-	3	hit
103536.6	36	3	7	62	-	3	hit
103902.4	36	5	5	50	-	3	hit
103902.4	36	4	7	57	-	3	hit
103902.4	36	3	7	62	-	3	hit
104268.3	36	5	5	50	-	3	hit
104268.3	36	4	7	57	-	3	hit
104268.3	36	3	7	62	-	3	hit
104634.1	36	5	5	50	-	3	hit
104634.1	36	4	7	57	-	3	hit
104634.1	36	3	7	62	-	3	hit
105000.0	36	5	5	50	-	3	hit
105000.0	36	4	7	57	-	3	hit
105000.0	36	3	7	62	-	3	hit
105365.9	37	6	0	40	-	3	hit
105365.9	37	5	2	47	-	3	hit
105365.9	37	4	2	52	-	3	hit
105731.7	37	6	0	40	-	3	hit
105731.7	37	5	2	47	-	3	hit
105731.7	37	4	2	52	-	3	hit
106097.6	37	6	0	40	-	3	hit
106097.6	37	5	2	47	-	3	hit
106097.6	37	4	2	52	-	3	hit
106463.4	37	6	0	40	-	3	hit
106463.4	37	5	2	47	-	3	hit
106463.4	37	4	2	52	-	3	hit
106829.3	37	6	0	40	-	3	hit
106829.3	37	5	2	47	-	3	hit
106829.3	37	4	2	52	-	3	hit
107195.1	37	6	0	40	-	3	hit
107195.1	37	5	2	47	-	3	hit
107195.1	37	4	2	52	-	3	hit
107561.0	37	6	0	40	-	3	hit
107561.0	37	5	2	47	-	3	hit
107561.0	37	4	2	52	-	3	hit
107926.8	37	6	0	40	-	3	hit
107926.8	37	5	2	47	-	3	hit
107926.8	37	4	2	52	-	3	hit
108292.7	38	6	5	45	-	3	hit
108292.7	38	5	7	52	-	3	hit
108292.7	38	4	7	57	-	3	hit
108658.5	38	6	5	45	-	3	hit
108658.5	38	5	7	52	-	3	hit
108658.5	38	4	7	57	-	3	hit
109024.4	38	6	5	45	-	3	miss
109024.4	38	5	7	52	-	3	hit
109024.4	38	4	7	57	-	3	hit
109390.2	38	6	5	45	-	3	miss
109390.2	38	5	7	52	-	3	hit
109390.2	38	4	7	57	-	3	hit
109756.1	38	6	5	45	-	3	miss
109756.1	38	5	7	52	-	3	hit
109756.1	38	4	7	57	-	3	hit
110122.0	38	6	5	45	-	3	miss
110122.0	38	5	7	52	-	3	hit
110122.0	38	4	7	57	-	3	hit
110487.8	38	6	5	45	-	3	miss
110487.8	38	5	7	52	-	3	miss
110487.8	38	4	7	57	-	3	miss
110853.7	38	6	5	45	-	3	hit
110853.7	38	5	7	52	-	3	hit
110853.7	38	4	7	57	-	3	hit
111219.5	39	6	2	42	-	3	hit
111219.5	39	5	4	49	-	3	hit
111219.5	39	4	4	54	-	3	hit
111585.4	39	6	2	42	-	3	hit
111585.4	39	5	4	49	-	3	hit
111585.4	39	4	4	54	-	3	hit
111951.2	39	6	2	42	-	3	miss
111951.2	39	5	4	49	-	3	hit
111951.2	39	4	4	54	-	3	hit
112317.1	39	6	2	42	-	3	hit
112317.1	39	5	4	49	-	3	hit
112317.1	39	4	4	54	-	3	hit
112682.9	39	6	2	42	-	3	miss
112682.9	39	5	4	49	-	3	hit
112682.9	39	4	4	54	-	3	hit
113048.8	39	6	2	42	-	3	hit
113048.8	39	5	4	49	-	3	hit
113048.8	39	4	4	54	-	3	hit
113414.6	39	6	2	42	-	3	miss
113414.6	39	5	4	49	-	3	miss
113414.6	39	4	4	54	-	3	miss
113780.5	39	6	2	42	-	3	hit
113780.5	39	5	4	49	-	3	hit
113780.5	39	4	4	54	-	3	hit
114146.3	40	5	5	50	-	3	miss
114146.3	40	4	7	57	-	3	miss
114146.3	40	3	7	62	-	3	miss
114512.2	40	5	5	50	-	3	hit
114512.2	40	4	7	57	-	3	hit
114512.2	40	3	7	62	-	3	hit
114878.0	40	5	5	50	-	3	hit
114878.0	40	4	7	57	-	3	hit
114878.0	40	3	7	62	-	3	hit
115243.9	40	5	5	50	-	3	hit
115243.9	40	4	7	57	-	3	hit
115243.9	40	3	7	62	-	3	hit
115609.8	40	5	5	50	-	3	hit
115609.8	40	4	7	57	-	3	hit
115609.8	40	3	7	62	-	3	hit
115975.6	40	5	5	50	-	3	hit
115975.6	40	4	7	57	-	3	hit
115975.6	40	3	7	62	-	3	hit
116341.5	40	5	5	50	-	3	hit
116341.5	40	4	7	57	-	3	hit
116341.5	40	3	7	62	-	3	hit
116707.3	40	5	5	50	-	3	hit
116707.3	40	4	7	57	-	3	hit
116707.3	40	3	7	62	-	3	hit
117073.2	41	5	7	52	-	3	miss
117073.2	41	4	9	59	-	3	miss
117073.2	41	3	9	64	-	3	miss
117439.0	41	5	7	52	-	3	miss
117439.0	41	4	9	59	-	3	miss
117439.0	41	3	9	64	-	3	miss
117804.9	41	5	7	52	-	3	hit
117804.9	41	4	9	59	-	3	hit
117804.9	41	3	9	64	-	3	hit
118170.7	41	5	7	52	-	3	hit
118170.7	41	4	9	59	-	3	hit
118170.7	41	3	9	64	-	3	hit
118536.6	41	5	7	52	-	3	hit
118536.6	41	4	9	59	-	3	hit
118536.6	41	3	9	64	-	3	hit
118902.4	41	5	7	52	-	3	miss
118902.4	41	4	9	59	-	3	miss
118902.4	41	3	9	64	-	3	miss
119268.3	41	5	7	52	-	3	miss
119268.3	41	4	9	59	-	3	miss
119268.3	41	3	9	64	-	3	miss
119634.1	41	5	7	52	-	3	hit
119634.1	41	4	9	59	-	3	hit
119634.1	41	3	9	64	-	3	hit
120000.0	42	6	2	42	-	6	miss
120000.0	42	5	4	49	-	6	miss
120000.0	42	4	4	54	-	6	miss
120000.0	42	3	2	57	-	6	miss
120000.0	42	2	2	61	-	6	miss
120000.0	42	1	2	66	-	6	miss
120365.9	42	6	2	42	-	6	miss
120365.9	42	5	4	49	-	6	miss
120365.9	42	4	4	54	-	6	miss
120365.9	42	3	2	57	-	6	miss
120365.9	42	2	2	61	-	6	miss
120365.9	42	1	2	66	-	6	miss
120548.8	42	6	2	42	-	6	hit
120548.8	42	5	4	49	-	6	hit
120548.8	42	4	4	54	-	6	hit
120548.8	42	3	2	57	-	6	hit
120548.8	42	2	2	61	-	6	hit
120548.8	42	1	2	66	-	6	hit
120731.7	42	6	2	42	-	6	miss
120731.7	42	5	4	49	-	6	miss
120731.7	42	4	4	54	-	6	miss
120731.7	42	3	2	57	-	6	miss
120731.7	42	2	2	61	-	6	miss
120731.7	42	1	2	66	-	6	miss
121097.6	42	6	2	42	-	6	hit
121097.6	42	5	4	49	-	6	hit
121097.6	42	4	4	54	-	6	hit
121097.6	42	3	2	57	-	6	hit
121097.6	42	2	2	61	-	6	hit
121097.6	42	1	2	66	-	6	hit
121463.4	42	6	2	42	-	6	hit
121463.4	42	5	4	49	-	6	hit
121463.4	42	4	4	54	-	6	hit
121463.4	42	3	2	57	-	6	hit
121463.4	42	2	2	61	-	6	hit
121463.4	42	1	2	66	-	6	hit
121646.3	42	6	2	42	-	6	miss
121646.3	42	5	4	49	-	6	close
121646.3	42	4	4	54	-	6	close
121646.3	42	3	2	57	-	6	close
121646.3	42	2	2	61	-	6	close
121646.3	42	1	2	66	-	6	close
121829.3	42	6	2	42	-	6	miss
121829.3	42	5	4	49	-	6	miss
121829.3	42	4	4	54	-	6	miss
121829.3	42	3	2	57	-	6	miss
121829.3	42	2	2	61	-	6	miss
121829.3	42	1	2	66	-	6	miss
122195.1	42	6	2	42	-	6	hit
122195.1	42	5	4	49	-	6	hit
122195.1	42	4	4	54	-	6	hit
122195.1	42	3	2	57	-	6	hit
122195.1	42	2	2	61	-	6	hit
122195.1	42	1	2	66	-	6	hit
122561.0	42	6	2	42	-	6	hit
122561.0	42	5	4	49	-	6	hit
122561.0	42	4	4	54	-	6	hit
122561.0	42	3	2	57	-	6	hit
122561.0	42	2	2	61	-	6	hit
122561.0	42	1	2	66	-	6	hit
122743.9	42	6	2	42	-	6	hit
122743.9	42	5	4	49	-	6	hit
122743.9	42	4	4	54	-	6	hit
122743.9	42	3	2	57	-	6	hit
122743.9	42	2	2	61	-	6	hit
122743.9	42	1	2	66	-	6	hit
122926.8	43	4	0	50	-	4	hit
122926.8	43	3	2	57	-	4	hit
122926.8	43	2	3	62	-	4	hit
122926.8	43	1	2	66	-	4	hit
123292.7	43	4	0	50	-	4	hit
123292.7	43	3	2	57	-	4	hit
123292.7	43	2	3	62	-	4	hit
123292.7	43	1	2	66	-	4	hit
123475.6	43	4	0	50	-	4	hit
123475.6	43	3	2	57	-	4	hit
123475.6	43	2	3	62	-	4	hit
123475.6	43	1	2	66	-	4	hit
123658.5	43	4	0	50	-	4	hit
123658.5	43	3	2	57	-	4	hit
123658.5	43	2	3	62	-	4	hit
123658.5	43	1	2	66	-	4	hit
124024.4	43	4	0	50	-	4	hit
124024.4	43	3	2	57	-	4	hit
124024.4	43	2	3	62	-	4	hit
124024.4	43	1	2	66	-	4	hit
124390.2	43	4	0	50	-	4	hit
124390.2	43	3	2	57	-	4	hit
124390.2	43	2	3	62	-	4	hit
124390.2	43	1	2	66	-	4	hit
124573.2	43	4	0	50	-	4	miss
124573.2	43	3	2	57	-	4	miss
124573.2	43	2	3	62	-	4	miss
124573.2	43	1	2	66	-	4	miss
124756.1	43	4	0	50	-	4	hit
124756.1	43	3	2	57	-	4	hit
124756.1	43	2	3	62	-	4	hit
124756.1	43	1	2	66	-	4	hit
125122.0	43	4	0	50	-	4	hit
125122.0	43	3	2	57	-	4	hit
125122.0	43	2	3	62	-	4	hit
125122.0	43	1	2	66	-	4	hit
125487.8	43	4	0	50	-	4	hit
125487.8	43	3	2	57	-	4	miss
125487.8	43	2	3	62	-	4	hit
125487.8	43	1	2	66	-	4	miss
125670.7	43	4	0	50	-	4	miss
125670.7	43	3	2	57	-	4	miss
125670.7	43	2	3	62	-	4	miss
125670.7	43	1	2	66	-	4	miss
125853.7	44	6	2	42	-	6	hit
125853.7	44	5	4	49	-	6	hit
125853.7	44	4	4	54	-	6	hit
125853.7	44	3	2	57	-	6	hit
125853.7	44	2	2	61	-	6	hit
125853.7	44	1	2	66	-	6	hit
126219.5	44	6	2	42	-	6	hit
126219.5	44	5	4	49	-	6	hit
126219.5	44	4	4	54	-	6	hit
126219.5	44	3	2	57	-	6	hit
126219.5	44	2	2	61	-	6	hit
126219.5	44	1	2	66	-	6	hit
126402.4	44	6	2	42	-	6	hit
126402.4	44	5	4	49	-	6	hit
126402.4	44	4	4	54	-	6	hit
126402.4	44	3	2	57	-	6	hit
126402.4	44	2	2	61	-	6	hit
126402.4	44	1	2	66	-	6	hit
126585.4	44	6	2	42	-	6	hit
126585.4	44	5	4	49	-	6	hit
126585.4	44	4	4	54	-	6	hit
126585.4	44	3	2	57	-	6	hit
126585.4	44	2	2	61	-	6	hit
126585.4	44	1	2	66	-	6	hit
126951.2	44	6	2	42	-	6	hit
126951.2	44	5	4	49	-	6	hit
126951.2	44	4	4	54	-	6	hit
126951.2	44	3	2	57	-	6	hit
126951.2	44	2	2	61	-	6	hit
126951.2	44	1	2	66	-	6	hit
127317.1	44	6	2	42	-	6	hit
127317.1	44	5	4	49	-	6	hit
127317.1	44	4	4	54	-	6	hit
127317.1	44	3	2	57	-	6	hit
127317.1	44	2	2	61	-	6	hit
127317.1	44	1	2	66	-	6	hit
127500.0	44	6	2	42	-	6	hit
127500.0	44	5	4	49	-	6	hit
127500.0	44	4	4	54	-	6	hit
127500.0	44	3	2	57	-	6	hit
127500.0	44	2	2	61	-	6	hit
127500.0	44	1	2	66	-	6	hit
127682.9	44	6	2	42	-	6	hit
127682.9	44	5	4	49	-	6	hit
127682.9	44	4	4	54	-	6	hit
127682.9	44	3	2	57	-	6	hit
127682.9	44	2	2	61	-	6	hit
127682.9	44	1	2	66	-	6	hit
128048.8	44	6	2	42	-	6	hit
128048.8	44	5	4	49	-	6	hit
128048.8	44	4	4	54	-	6	hit
128048.8	44	3	2	57	-	6	hit
128048.8	44	2	2	61	-	6	hit
128048.8	44	1	2	66	-	6	hit
128414.6	44	6	2	42	-	6	hit
128414.6	44	5	4	49	-	6	hit
128414.6	44	4	4	54	-	6	hit
128414.6	44	3	2	57	-	6	hit
128414.6	44	2	2	61	-	6	hit
128414.6	44	1	2	66	-	6	hit
128597.6	44	6	2	42	-	6	hit
128597.6	44	5	4	49	-	6	hit
128597.6	44	4	4	54	-	6	hit
128597.6	44	3	2	57	-	6	hit
128597.6	44	2	2	61	-	6	hit
128597.6	44	1	2	66	-	6	hit
128780.5	45	4	0	50	-	4	hit
128780.5	45	3	2	57	-	4	hit
128780.5	45	2	3	62	-	4	hit
128780.5	45	1	2	66	-	4	hit
129146.3	45	4	0	50	-	4	hit
129146.3	45	3	2	57	-	4	hit
129146.3	45	2	3	62	-	4	hit
129146.3	45	1	2	66	-	4	hit
129329.3	45	4	0	50	-	4	hit
129329.3	45	3	2	57	-	4	hit
129329.3	45	2	3	62	-	4	hit
129329.3	45	1	2	66	-	4	hit
129512.2	45	4	0	50	-	4	miss
129512.2	45	3	2	57	-	4	miss
129512.2	45	2	3	62	-	4	miss
129512.2	45	1	2	66	-	4	miss
129878.0	45	4	0	50	-	4	hit
129878.0	45	3	2	57	-	4	hit
129878.0	45	2	3	62	-	4	hit
129878.0	45	1	2	66	-	4	hit
130243.9	45	4	0	50	-	4	hit
130243.9	45	3	2	57	-	4	hit
130243.9	45	2	3	62	-	4	hit
130243.9	45	1	2	66	-	4	hit
130426.8	45	4	0	50	-	4	hit
130426.8	45	3	2	57	-	4	hit
130426.8	45	2	3	62	-	4	hit
130426.8	45	1	2	66	-	4	hit
130609.8	45	4	0	50	-	4	hit
130609.8	45	3	2	57	-	4	hit
130609.8	45	2	3	62	-	4	hit
130609.8	45	1	2	66	-	4	hit
130975.6	45	4	0	50	-	4	hit
130975.6	45	3	2	57	-	4	hit
130975.6	45	2	3	62	-	4	hit
130975.6	45	1	2	66	-	4	hit
131341.5	45	4	0	50	-	4	hit
131341.5	45	3	2	57	-	4	hit
131341.5	45	2	3	62	-	4	hit
131341.5	45	1	2	66	-	4	hit
131524.4	45	4	0	50	-	4	hit
131524.4	45	3	2	57	-	4	hit
131524.4	45	2	3	62	-	4	hit
131524.4	45	1	2	66	-	4	hit
131707.3	46	6	2	42	-	6	miss
131707.3	46	5	4	49	-	6	miss
131707.3	46	4	4	54	-	6	miss
131707.3	46	3	2	57	-	6	miss
131707.3	46	2	2	61	-	6	miss
131707.3	46	1	2	66	-	6	miss
132073.2	46	6	2	42	-	6	hit
132073.2	46	5	4	49	-	6	hit
132073.2	46	4	4	54	-	6	hit
132073.2	46	3	2	57	-	6	hit
132073.2	46	2	2	61	-	6	hit
132073.2	46	1	2	66	-	6	hit
132256.1	46	6	2	42	-	6	hit
132256.1	46	5	4	49	-	6	hit
132256.1	46	4	4	54	-	6	hit
132256.1	46	3	2	57	-	6	hit
132256.1	46	2	2	61	-	6	hit
132256.1	46	1	2	66	-	6	hit
132439.0	46	6	2	42	-	6	hit
132439.0	46	5	4	49	-	6	hit
132439.0	46	4	4	54	-	6	hit
132439.0	46	3	2	57	-	6	hit
132439.0	46	2	2	61	-	6	hit
132439.0	46	1	2	66	-	6	hit
132804.9	46	6	2	42	-	6	hit
132804.9	46	5	4	49	-	6	hit
132804.9	46	4	4	54	-	6	hit
132804.9	46	3	2	57	-	6	hit
132804.9	46	2	2	61	-	6	hit
132804.9	46	1	2	66	-	6	hit
133170.7	46	6	2	42	-	6	hit
133170.7	46	5	4	49	-	6	hit
133170.7	46	4	4	54	-	6	hit
133170.7	46	3	2	57	-	6	miss
133170.7	46	2	2	61	-	6	hit
133170.7	46	1	2	66	-	6	hit
133353.7	46	6	2	42	-	6	hit
133353.7	46	5	4	49	-	6	hit
133353.7	46	4	4	54	-	6	hit
133353.7	46	3	2	57	-	6	hit
133353.7	46	2	2	61	-	6	hit
133353.7	46	1	2	66	-	6	hit
133536.6	46	6	2	42	-	6	hit
133536.6	46	5	4	49	-	6	hit
133536.6	46	4	4	54	-	6	hit
133536.6	46	3	2	57	-	6	hit
133536.6	46	2	2	61	-	6	hit
133536.6	46	1	2	66	-	6	hit
133902.4	46	6	2	42	-	6	hit
133902.4	46	5	4	49	-	6	hit
133902.4	46	4	4	54	-	6	hit
133902.4	46	3	2	57	-	6	hit
133902.4	46	2	2	61	-	6	hit
133902.4	46	1	2	66	-	6	hit
134268.3	46	6	2	42	-	6	hit
134268.3	46	5	4	49	-	6	hit
134268.3	46	4	4	54	-	6	hit
134268.3	46	3	2	57	-	6	hit
134268.3	46	2	2	61	-	6	hit
134268.3	46	1	2	66	-	6	hit
134451.2	46	6	2	42	-	6	miss
134451.2	46	5	4	49	-	6	miss
134451.2	46	4	4	54	-	6	miss
134451.2	46	3	2	57	-	6	miss
134451.2	46	2	2	61	-	6	miss
134451.2	46	1	2	66	-	6	miss
134634.1	47	4	0	50	-	4	miss
134634.1	47	3	2	57	-	4	miss
134634.1	47	2	3	62	-	4	miss
134634.1	47	1	2	66	-	4	miss
135000.0	47	4	0	50	-	4	hit
135000.0	47	3	2	57	-	4	hit
135000.0	47	2	3	62	-	4	hit
135000.0	47	1	2	66	-	4	hit
135182.9	47	4	0	50	-	4	miss
135182.9	47	3	2	57	-	4	miss
135182.9	47	2	3	62	-	4	miss
135182.9	47	1	2	66	-	4	miss
135365.9	47	4	0	50	-	4	hit
135365.9	47	3	2	57	-	4	hit
135365.9	47	2	3	62	-	4	hit
135365.9	47	1	2	66	-	4	hit
135731.7	47	4	0	50	-	4	hit
135731.7	47	3	2	57	-	4	hit
135731.7	47	2	3	62	-	4	hit
135731.7	47	1	2	66	-	4	hit
136097.6	47	4	0	50	-	4	hit
136097.6	47	3	2	57	-	4	hit
136097.6	47	2	3	62	-	4	hit
136097.6	47	1	2	66	-	4	hit
136280.5	47	4	0	50	-	4	hit
136280.5	47	3	2	57	-	4	hit
136280.5	47	2	3	62	-	4	hit
136280.5	47	1	2	66	-	4	hit
136463.4	47	4	0	50	-	4	hit
136463.4	47	3	2	57	-	4	hit
136463.4	47	2	3	62	-	4	hit
136463.4	47	1	2	66	-	4	hit
136829.3	47	4	0	50	-	4	hit
136829.3	47	3	2	57	-	4	hit
136829.3	47	2	3	62	-	4	hit
136829.3	47	1	2	66	-	4	hit
137195.1	47	4	0	50	-	4	miss
137195.1	47	3	2	57	-	4	miss
137195.1	47	2	3	62	-	4	miss
137195.1	47	1	2	66	-	4	miss
137378.0	47	4	0	50	-	4	miss
137378.0	47	3	2	57	-	4	miss
137378.0	47	2	3	62	-	4	miss
137378.0	47	1	2	66	-	4	miss
137561.0	48	6	1	41	-	3	hit
137561.0	48	5	3	48	-	3	hit
137561.0	48	4	3	53	-	3	hit
137926.8	48	6	1	41	-	3	hit
137926.8	48	5	3	48	-	3	hit
137926.8	48	4	3	53	-	3	hit
138292.7	48	6	1	41	-	3	hit
138292.7	48	5	3	48	-	3	hit
138292.7	48	4	3	53	-	3	hit
138658.5	48	6	1	41	-	3	hit
138658.5	48	5	3	48	-	3	hit
138658.5	48	4	3	53	-	3	hit
139024.4	48	6	1	41	-	3	hit
139024.4	48	5	3	48	-	3	hit
139024.4	48	4	3	53	-	3	hit
139390.2	48	6	1	41	-	3	hit
139390.2	48	5	3	48	-	3	hit
139390.2	48	4	3	53	-	3	hit
139756.1	48	6	1	41	-	3	hit
139756.1	48	5	3	48	-	3	hit
139756.1	48	4	3	53	-	3	hit
140122.0	48	6	1	41	-	3	hit
140122.0	48	5	3	48	-	3	hit
140122.0	48	4	3	53	-	3	hit
140487.8	49	6	3	43	-	3	hit
140487.8	49	5	5	50	-	3	hit
140487.8	49	4	5	55	-	3	hit
140853.7	49	6	3	43	-	3	miss
140853.7	49	5	5	50	-	3	hit
140853.7	49	4	5	55	-	3	hit
141219.5	49	6	3	43	-	3	hit
141219.5	49	5	5	50	-	3	hit
141219.5	49	4	5	55	-	3	hit
141585.4	49	6	3	43	-	3	hit
141585.4	49	5	5	50	-	3	hit
141585.4	49	4	5	55	-	3	hit
141951.2	49	6	3	43	-	3	hit
141951.2	49	5	5	50	-	3	hit
141951.2	49	4	5	55	-	3	hit
142317.1	49	6	3	43	-	3	miss
142317.1	49	5	5	50	-	3	hit
142317.1	49	4	5	55	-	3	hit
142682.9	49	6	3	43	d	3	hit
142682.9	49	5	5	50	d	3	hit
142682.9	49	4	5	55	d	3	hit
142865.9	49	6	3	43	d	3	miss
142865.9	49	5	5	50	d	3	miss
142865.9	49	4	5	55	d	3	miss
143048.8	49	6	0	40	d	3	hit
143048.8	49	5	0	45	d	3	hit
143048.8	49	4	0	50	d	3	hit
143231.7	49	6	0	40	d	3	hit
143231.7	49	5	0	45	d	3	hit
143231.7	49	4	0	50	d	3	hit
143414.6	50	6	5	45	-	3	close
143414.6	50	5	7	52	-	3	close
143414.6	50	4	7	57	-	3	close
143780.5	50	6	5	45	-	3	miss
143780.5	50	5	7	52	-	3	hit
143780.5	50	4	7	57	-	3	hit
144146.3	50	6	5	45	-	3	miss
144146.3	50	5	7	52	-	3	hit
144146.3	50	4	7	57	-	3	hit
144512.2	50	6	5	45	-	3	miss
144512.2	50	5	7	52	-	3	hit
144512.2	50	4	7	57	-	3	hit
144878.0	50	6	5	45	-	3	miss
144878.0	50	5	7	52	-	3	hit
144878.0	50	4	7	57	-	3	hit
145243.9	50	6	5	45	-	3	hit
145243.9	50	5	7	52	-	3	hit
145243.9	50	4	7	57	-	3	hit
145609.8	50	6	5	45	-	3	hit
145609.8	50	5	7	52	-	3	hit
145609.8	50	4	7	57	-	3	hit
145975.6	50	6	5	45	-	3	hit
145975.6	50	5	7	52	-	3	hit
145975.6	50	4	7	57	-	3	hit
146341.5	51	6	2	42	-	3	hit
146341.5	51	5	4	49	-	3	hit
146341.5	51	4	4	54	-	3	hit
146707.3	51	6	2	42	-	3	hit
146707.3	51	5	4	49	-	3	hit
146707.3	51	4	4	54	-	3	hit
147073.2	51	6	2	42	-	3	hit
147073.2	51	5	4	49	-	3	hit
147073.2	51	4	4	54	-	3	hit
147439.0	51	6	2	42	-	3	hit
147439.0	51	5	4	49	-	3	hit
147439.0	51	4	4	54	-	3	hit
147804.9	51	6	2	42	-	3	miss
147804.9	51	5	4	49	-	3	miss
147804.9	51	4	4	54	-	3	miss
148170.7	51	6	2	42	-	3	hit
148170.7	51	5	4	49	-	3	hit
148170.7	51	4	4	54	-	3	hit
148536.6	51	6	2	42	-	3	miss
148536.6	51	5	4	49	-	3	miss
148536.6	51	4	4	54	-	3	miss
148902.4	51	6	2	42	-	3	hit
148902.4	51	5	4	49	-	3	hit
148902.4	51	4	4	54	-	3	hit
149268.3	52	5	5	50	-	3	miss
149268.3	52	4	7	57	-	3	miss
149268.3	52	3	7	62	-	3	miss
149634.1	52	5	5	50	-	3	hit
149634.1	52	4	7	57	-	3	hit
149634.1	52	3	7	62	-	3	hit
150000.0	52	5	5	50	-	3	hit
150000.0	52	4	7	57	-	3	hit
150000.0	52	3	7	62	-	3	hit
150365.9	52	5	5	50	-	3	hit
150365.9	52	4	7	57	-	3	hit
150365.9	52	3	7	62	-	3	hit
150731.7	52	5	5	50	-	3	hit
150731.7	52	4	7	57	-	3	hit
150731.7	52	3	7	62	-	3	hit
151097.6	52	5	5	50	-	3	hit
151097.6	52	4	7	57	-	3	hit
151097.6	52	3	7	62	-	3	hit
151463.4	52	5	5	50	-	3	hit
151463.4	52	4	7	57	-	3	hit
151463.4	52	3	7	62	-	3	hit
151829.3	52	5	5	50	-	3	hit
151829.3	52	4	7	57	-	3	hit
151829.3	52	3	7	62	-	3	hit
152195.1	53	6	0	40	-	3	hit
152195.1	53	5	2	47	-	3	hit
152195.1	53	4	2	52	-	3	hit
152561.0	53	6	0	40	-	3	hit
152561.0	53	5	2	47	-	3	hit
152561.0	53	4	2	52	-	3	hit
152926.8	53	6	0	40	-	3	hit
152926.8	53	5	2	47	-	3	hit
152926.8	53	4	2	52	-	3	hit
153292.7	53	6	0	40	-	3	hit
153292.7	53	5	2	47	-	3	hit
153292.7	53	4	2	52	-	3	hit
153658.5	53	6	0	40	-	3	hit
153658.5	53	5	2	47	-	3	hit
153658.5	53	4	2	52	-	3	hit
154024.4	53	6	0	40	-	3	hit
154024.4	53	5	2	47	-	3	hit
154024.4	53	4	2	52	-	3	hit
154390.2	53	6	0	40	-	3	hit
154390.2	53	5	2	47	-	3	hit
154390.2	53	4	2	52	-	3	hit
154756.1	53	6	0	40	-	3	hit
154756.1	53	5	2	47	-	3	hit
154756.1	53	4	2	52	-	3	hit
155122.0	54	6	5	45	-	3	hit
155122.0	54	5	7	52	-	3	hit
155122.0	54	4	7	57	-	3	hit
155487.8	54	6	5	45	-	3	hit
155487.8	54	5	7	52	-	3	hit
155487.8	54	4	7	57	-	3	hit
155853.7	54	6	5	45	-	3	hit
155853.7	54	5	7	52	-	3	hit
155853.7	54	4	7	57	-	3	hit
156219.5	54	6	5	45	-	3	miss
156219.5	54	5	7	52	-	3	miss
156219.5	54	4	7	57	-	3	miss
156585.4	54	6	5	45	-	3	hit
156585.4	54	5	7	52	-	3	hit
156585.4	54	4	7	57	-	3	hit
156951.2	54	6	5	45	-	3	hit
156951.2	54	5	7	52	-	3	hit
156951.2	54	4	7	57	-	3	hit
157317.1	54	6	5	45	-	3	hit
157317.1	54	5	7	52	-	3	hit
157317.1	54	4	7	57	-	3	hit
157682.9	54	6	5	45	-	3	hit
157682.9	54	5	7	52	-	3	hit
157682.9	54	4	7	57	-	3	hit
158048.8	55	6	2	42	-	3	hit
158048.8	55	5	4	49	-	3	hit
158048.8	55	4	4	54	-	3	hit
158414.6	55	6	2	42	-	3	hit
158414.6	55	5	4	49	-	3	hit
158414.6	55	4	4	54	-	3	hit
158780.5	55	6	2	42	-	3	hit
158780.5	55	5	4	49	-	3	hit
158780.5	55	4	4	54	-	3	hit
159146.3	55	6	2	42	-	3	hit
159146.3	55	5	4	49	-	3	hit
159146.3	55	4	4	54	-	3	hit
159512.2	55	6	2	42	-	3	hit
159512.2	55	5	4	49	-	3	hit
159512.2	55	4	4	54	-	3	hit
159878.0	55	6	2	42	-	3	hit
159878.0	55	5	4	49	-	3	hit
159878.0	55	4	4	54	-	3	hit
160243.9	55	6	2	42	-	3	hit
160243.9	55	5	4	49	-	3	hit
160243.9	55	4	4	54	-	3	hit
160609.8	55	6	2	42	-	3	hit
160609.8	55	5	4	49	-	3	hit
160609.8	55	4	4	54	-	3	hit
160975.6	56	5	5	50	-	3	hit
160975.6	56	4	7	57	-	3	hit
160975.6	56	3	7	62	-	3	hit
161341.5	56	5	5	50	-	3	hit
161341.5	56	4	7	57	-	3	hit
161341.5	56	3	7	62	-	3	hit
161707.3	56	5	5	50	-	3	hit
161707.3	56	4	7	57	-	3	hit
161707.3	56	3	7	62	-	3	hit
162073.2	56	5	5	50	-	3	hit
162073.2	56	4	7	57	-	3	hit
162073.2	56	3	7	62	-	3	hit
162439.0	56	5	5	50	-	3	hit
162439.0	56	4	7	57	-	3	hit
162439.0	56	3	7	62	-	3	hit
162804.9	56	5	5	50	-	3	hit
162804.9	56	4	7	57	-	3	hit
162804.9	56	3	7	62	-	3	hit
163170.7	56	5	5	50	-	3	hit
163170.7	56	4	7	57	-	3	hit
163170.7	56	3	7	62	-	3	hit
163536.6	56	5	5	50	-	3	hit
163536.6	56	4	7	57	-	3	hit
163536.6	56	3	7	62	-	3	hit
163902.4	57	5	7	52	-	3	hit
163902.4	57	4	9	59	-	3	hit
163902.4	57	3	9	64	-	3	hit
164268.3	57	5	7	52	-	3	hit
164268.3	57	4	9	59	-	3	hit
164268.3	57	3	9	64	-	3	hit
164634.1	57	5	7	52	-	3	hit
164634.1	57	4	9	59	-	3	hit
164634.1	57	3	9	64	-	3	hit
165000.0	57	5	7	52	-	3	miss
165000.0	57	4	9	59	-	3	miss
165000.0	57	3	9	64	-	3	miss
165365.9	57	5	7	52	-	3	hit
165365.9	57	4	9	59	-	3	hit
165365.9	57	3	9	64	-	3	hit
165731.7	57	5	7	52	-	3	hit
165731.7	57	4	9	59	-	3	hit
165731.7	57	3	9	64	-	3	hit
166097.6	57	5	7	52	-	3	hit
166097.6	57	4	9	59	-	3	hit
166097.6	57	3	9	64	-	3	hit
166463.4	57	5	7	52	-	3	hit
166463.4	57	4	9	59	-	3	hit
166463.4	57	3	9	64	-	3	hit
166829.3	58	5	5	50	-	3	hit
166829.3	58	4	7	57	-	3	hit
166829.3	58	3	7	62	-	3	hit
167195.1	58	5	5	50	-	3	hit
167195.1	58	4	7	57	-	3	hit
167195.1	58	3	7	62	-	3	hit
167561.0	58	5	5	50	-	3	hit
167561.0	58	4	7	57	-	3	hit
167561.0	58	3	7	62	-	3	hit
167926.8	58	5	5	50	-	3	hit
167926.8	58	4	7	57	-	3	hit
167926.8	58	3	7	62	-	3	hit
168292.7	58	5	5	50	-	3	hit
168292.7	58	4	7	57	-	3	hit
168292.7	58	3	7	62	-	3	hit
168658.5	58	5	5	50	-	3	hit
168658.5	58	4	7	57	-	3	hit
168658.5	58	3	7	62	-	3	hit
169024.4	58	5	5	50	-	3	hit
169024.4	58	4	7	57	-	3	hit
169024.4	58	3	7	62	-	3	hit
169390.2	58	5	5	50	-	3	hit
169390.2	58	4	7	57	-	3	hit
169390.2	58	3	7	62	-	3	hit
169756.1	59	5	7	52	-	3	hit
169756.1	59	4	9	59	-	3	hit
169756.1	59	3	9	64	-	3	hit
170122.0	59	5	7	52	-	3	hit
170122.0	59	4	9	59	-	3	hit
170122.0	59	3	9	64	-	3	hit
170487.8	59	5	7	52	-	3	hit
170487.8	59	4	9	59	-	3	hit
170487.8	59	3	9	64	-	3	hit
170853.7	59	5	7	52	-	3	hit
170853.7	59	4	9	59	-	3	hit
170853.7	59	3	9	64	-	3	hit
171219.5	59	5	7	52	-	3	hit
171219.5	59	4	9	59	-	3	hit
171219.5	59	3	9	64	-	3	hit
171585.4	59	5	7	52	-	3	hit
171585.4	59	4	9	59	-	3	hit
171585.4	59	3	9	64	-	3	hit
171951.2	59	5	7	52	-	3	hit
171951.2	59	4	9	59	-	3	hit
171951.2	59	3	9	64	-	3	hit
172317.1	59	5	7	52	-	3	hit
172317.1	59	4	9	59	-	3	hit
172317.1	59	3	9	64	-	3	hit
172682.9	60	5	5	50	-	3	hit
172682.9	60	4	7	57	-	3	hit
172682.9	60	3	7	62	-	3	hit
173048.8	60	5	5	50	-	3	hit
173048.8	60	4	7	57	-	3	hit
173048.8	60	3	7	62	-	3	hit
173414.6	60	5	5	50	-	3	hit
173414.6	60	4	7	57	-	3	hit
173414.6	60	3	7	62	-	3	hit
173780.5	60	5	5	50	-	3	hit
173780.5	60	4	7	57	-	3	hit
173780.5	60	3	7	62	-	3	hit
174146.3	60	5	5	50	-	3	hit
174146.3	60	4	7	57	-	3	hit
174146.3	60	3	7	62	-	3	hit
174512.2	60	5	5	50	-	3	hit
174512.2	60	4	7	57	-	3	hit
174512.2	60	3	7	62	-	3	hit
174878.0	60	5	5	50	-	3	hit
174878.0	60	4	7	57	-	3	hit
174878.0	60	3	7	62	-	3	hit
175243.9	60	5	5	50	-	3	hit
175243.9	60	4	7	57	-	3	hit
175243.9	60	3	7	62	-	3	hit
175609.8	61	5	7	52	-	3	hit
175609.8	61	4	9	59	-	3	hit
175609.8	61	3	9	64	-	3	hit
175975.6	61	5	7	52	-	3	hit
175975.6	61	4	9	59	-	3	hit
175975.6	61	3	9	64	-	3	hit
176341.5	61	5	7	52	-	3	miss
176341.5	61	4	9	59	-	3	miss
176341.5	61	3	9	64	-	3	miss
176707.3	61	5	7	52	-	3	hit
176707.3	61	4	9	59	-	3	hit
176707.3	61	3	9	64	-	3	hit
177073.2	61	5	7	52	-	3	hit
177073.2	61	4	9	59	-	3	hit
177073.2	61	3	9	64	-	3	hit
177439.0	61	5	7	52	-	3	hit
177439.0	61	4	9	59	-	3	hit
177439.0	61	3	9	64	-	3	hit
177804.9	61	5	7	52	-	3	hit
177804.9	61	4	9	59	-	3	hit
177804.9	61	3	9	64	-	3	hit
178170.7	61	5	7	52	-	3	hit
178170.7	61	4	9	59	-	3	hit
178170.7	61	3	9	64	-	3	hit
178536.6	62	5	5	50	-	3	hit
178536.6	62	4	7	57	-	3	hit
178536.6	62	3	7	62	-	3	hit
178902.4	62	5	5	50	-	3	hit
178902.4	62	4	7	57	-	3	hit
178902.4	62	3	7	62	-	3	hit
179268.3	62	5	5	50	-	3	hit
179268.3	62	4	7	57	-	3	hit
179268.3	62	3	7	62	-	3	hit
179634.1	62	5	5	50	-	3	hit
179634.1	62	4	7	57	-	3	hit
179634.1	62	3	7	62	-	3	hit
180000.0	62	5	5	50	-	3	hit
180000.0	62	4	7	57	-	3	hit
180000.0	62	3	7	62	-	3	hit
180365.9	62	5	5	50	-	3	hit
180365.9	62	4	7	57	-	3	hit
180365.9	62	3	7	62	-	3	hit
180731.7	62	5	5	50	-	3	hit
180731.7	62	4	7	57	-	3	hit
180731.7	62	3	7	62	-	3	hit
181097.6	62	5	5	50	-	3	hit
181097.6	62	4	7	57	-	3	hit
181097.6	62	3	7	62	-	3	hit
181463.4	63	5	7	52	-	3	hit
181463.4	63	4	9	59	-	3	hit
181463.4	63	3	9	64	-	3	hit
181829.3	63	5	7	52	-	3	hit
181829.3	63	4	9	59	-	3	hit
181829.3	63	3	9	64	-	3	hit
182195.1	63	5	7	52	-	3	hit
182195.1	63	4	9	59	-	3	hit
182195.1	63	3	9	64	-	3	hit
182561.0	63	5	7	52	-	3	hit
182561.0	63	4	9	59	-	3	hit
182561.0	63	3	9	64	-	3	hit
182926.8	63	5	7	52	-	3	hit
182926.8	63	4	9	59	-	3	hit
182926.8	63	3	9	64	-	3	hit
183292.7	63	5	7	52	-	3	hit
183292.7	63	4	9	59	-	3	hit
183292.7	63	3	9	64	-	3	hit
183658.5	63	5	7	52	-	3	hit
183658.5	63	4	9	59	-	3	hit
183658.5	63	3	9	64	-	3	hit
184024.4	63	5	7	52	-	3	hit
184024.4	63	4	9	59	-	3	hit
184024.4	63	3	9	64	-	3	hit
184390.2	64	5	5	50	-	3	hit
184390.2	64	4	7	57	-	3	hit
184390.2	64	3	7	62	-	3	hit
184756.1	64	5	5	50	-	3	hit
184756.1	64	4	7	57	-	3	hit
184756.1	64	3	7	62	-	3	hit
185122.0	64	5	5	50	-	3	hit
185122.0	64	4	7	57	-	3	hit
185122.0	64	3	7	62	-	3	hit
185487.8	64	5	5	50	-	3	hit
185487.8	64	4	7	57	-	3	hit
185487.8	64	3	7	62	-	3	hit
185853.7	64	5	5	50	-	3	hit
185853.7	64	4	7	57	-	3	hit
185853.7	64	3	7	62	-	3	hit
186219.5	64	5	5	50	-	3	hit
186219.5	64	4	7	57	-	3	hit
186219.5	64	3	7	62	-	3	hit
186585.4	64	5	5	50	-	3	hit
186585.4	64	4	7	57	-	3	hit
186585.4	64	3	7	62	-	3	hit
186951.2	64	5	5	50	-	3	close
186951.2	64	4	7	57	-	3	close
186951.2	64	3	7	62	-	3	close
187317.1	65	5	7	52	-	3	hit
187317.1	65	4	9	59	-	3	hit
187317.1	65	3	9	64	-	3	hit
187682.9	65	5	7	52	-	3	hit
187682.9	65	4	9	59	-	3	hit
187682.9	65	3	9	64	-	3	hit
188048.8	65	5	7	52	-	3	hit
188048.8	65	4	9	59	-	3	hit
188048.8	65	3	9	64	-	3	hit
188414.6	65	5	7	52	-	3	hit
188414.6	65	4	9	59	-	3	hit
188414.6	65	3	9	64	-	3	hit
188780.5	65	5	7	52	-	3	hit
188780.5	65	4	9	59	-	3	hit
188780.5	65	3	9	64	-	3	hit
189146.3	65	5	7	52	-	3	miss
189146.3	65	4	9	59	-	3	miss
189146.3	65	3	9	64	-	3	miss
189512.2	65	5	7	52	-	3	hit
189512.2	65	4	9	59	-	3	hit
189512.2	65	3	9	64	-	3	hit
189878.0	65	5	7	52	-	3	miss
189878.0	65	4	9	59	-	3	miss
189878.0	65	3	9	64	-	3	miss
190243.9	66	6	2	42	-	6	hit
190243.9	66	5	4	49	-	6	hit
190243.9	66	4	4	54	-	6	hit
190243.9	66	3	2	57	-	6	hit
190243.9	66	2	2	61	-	6	hit
190243.9	66	1	2	66	-	6	hit
190609.8	66	6	2	42	-	6	hit
190609.8	66	5	4	49	-	6	hit
190609.8	66	4	4	54	-	6	hit
190609.8	66	3	2	57	-	6	hit
190609.8	66	2	2	61	-	6	hit
190609.8	66	1	2	66	-	6	hit
190792.7	66	6	2	42	-	6	hit
190792.7	66	5	4	49	-	6	hit
190792.7	66	4	4	54	-	6	hit
190792.7	66	3	2	57	-	6	hit
190792.7	66	2	2	61	-	6	hit
190792.7	66	1	2	66	-	6	hit
190975.6	66	6	2	42	-	6	miss
190975.6	66	5	4	49	-	6	miss
190975.6	66	4	4	54	-	6	miss
190975.6	66	3	2	57	-	6	miss
190975.6	66	2	2	61	-	6	miss
190975.6	66	1	2	66	-	6	miss
191341.5	66	6	2	42	-	6	hit
191341.5	66	5	4	49	-	6	hit
191341.5	66	4	4	54	-	6	hit
191341.5	66	3	2	57	-	6	hit
191341.5	66	2	2	61	-	6	hit
191341.5	66	1	2	66	-	6	hit
191707.3	66	6	2	42	-	6	hit
191707.3	66	5	4	49	-	6	hit
191707.3	66	4	4	54	-	6	hit
191707.3	66	3	2	57	-	6	hit
191707.3	66	2	2	61	-	6	hit
191707.3	66	1	2	66	-	6	hit
191890.2	66	6	2	42	-	6	hit
191890.2	66	5	4	49	-	6	hit
191890.2	66	4	4	54	-	6	hit
191890.2	66	3	2	57	-	6	hit
191890.2	66	2	2	61	-	6	hit
191890.2	66	1	2	66	-	6	hit
192073.2	66	6	2	42	-	6	hit
192073.2	66	5	4	49	-	6	hit
192073.2	66	4	4	54	-	6	hit
192073.2	66	3	2	57	-	6	hit
192073.2	66	2	2	61	-	6	hit
192073.2	66	1	2	66	-	6	hit
192439.0	66	6	2	42	-	6	hit
192439.0	66	5	4	49	-	6	hit
192439.0	66	4	4	54	-	6	hit
192439.0	66	3	2	57	-	6	hit
192439.0	66	2	2	61	-	6	hit
192439.0	66	1	2	66	-	6	hit
192804.9	66	6	2	42	-	6	hit
192804.9	66	5	4	49	-	6	hit
192804.9	66	4	4	54	-	6	hit
192804.9	66	3	2	57	-	6	hit
192804.9	66	2	2	61	-	6	hit
192804.9	66	1	2	66	-	6	hit
192987.8	66	6	2	42	-	6	hit
192987.8	66	5	4	49	-	6	hit
192987.8	66	4	4	54	-	6	hit
192987.8	66	3	2	57	-	6	hit
192987.8	66	2	2	61	-	6	hit
192987.8	66	1	2	66	-	6	hit
193170.7	67	6	2	42	-	6	hit
193170.7	67	5	4	49	-	6	hit
193170.7	67	4	4	54	-	6	hit
193170.7	67	3	2	57	-	6	hit
193170.7	67	2	2	61	-	6	hit
193170.7	67	1	2	66	-	6	hit
193536.6	67	6	2	42	-	6	hit
193536.6	67	5	4	49	-	6	hit
193536.6	67	4	4	54	-	6	hit
193536.6	67	3	2	57	-	6	hit
193536.6	67	2	2	61	-	6	hit
193536.6	67	1	2	66	-	6	hit
193719.5	67	6	2	42	-	6	miss
193719.5	67	5	4	49	-	6	hit
193719.5	67	4	4	54	-	6	hit
193719.5	67	3	2	57	-	6	hit
193719.5	67	2	2	61	-	6	hit
193719.5	67	1	2	66	-	6	hit
193902.4	67	6	2	42	-	6	hit
193902.4	67	5	4	49	-	6	hit
193902.4	67	4	4	54	-	6	hit
193902.4	67	3	2	57	-	6	hit
193902.4	67	2	2	61	-	6	hit
193902.4	67	1	2	66	-	6	hit
194268.3	67	6	2	42	-	6	hit
194268.3	67	5	4	49	-	6	hit
194268.3	67	4	4	54	-	6	hit
194268.3	67	3	2	57	-	6	hit
194268.3	67	2	2	61	-	6	hit
194268.3	67	1	2	66	-	6	hit
194634.1	67	6	2	42	-	6	hit
194634.1	67	5	4	49	-	6	hit
194634.1	67	4	4	54	-	6	hit
194634.1	67	3	2	57	-	6	hit
194634.1	67	2	2	61	-	6	hit
194634.1	67	1	2	66	-	6	hit
194817.1	67	6	2	42	-	6	hit
194817.1	67	5	4	49	-	6	hit
194817.1	67	4	4	54	-	6	hit
194817.1	67	3	2	57	-	6	hit
194817.1	67	2	2	61	-	6	hit
194817.1	67	1	2	66	-	6	hit
195000.0	67	6	2	42	-	6	hit
195000.0	67	5	4	49	-	6	hit
195000.0	67	4	4	54	-	6	hit
195000.0	67	3	2	57	-	6	hit
195000.0	67	2	2	61	-	6	hit
195000.0	67	1	2	66	-	6	hit
195365.9	67	6	2	42	-	6	hit
195365.9	67	5	4	49	-	6	hit
195365.9	67	4	4	54	-	6	hit
195365.9	67	3	2	57	-	6	hit
195365.9	67	2	2	61	-	6	hit
195365.9	67	1	2	66	-	6	hit
195731.7	67	6	2	42	-	6	hit
195731.7	67	5	4	49	-	6	hit
195731.7	67	4	4	54	-	6	hit
195731.7	67	3	2	57	-	6	hit
195731.7	67	2	2	61	-	6	hit
195731.7	67	1	2	66	-	6	hit
195914.6	67	6	2	42	-	6	hit
195914.6	67	5	4	49	-	6	hit
195914.6	67	4	4	54	-	6	hit
195914.6	67	3	2	57	-	6	hit
195914.6	67	2	2	61	-	6	hit
195914.6	67	1	2	66	-	6	hit
196097.6	68	6	2	42	-	6	hit
196097.6	68	5	4	49	-	6	hit
196097.6	68	4	4	54	-	6	hit
196097.6	68	3	2	57	-	6	hit
196097.6	68	2	2	61	-	6	hit
196097.6	68	1	2	66	-	6	hit
196463.4	68	6	2	42	-	6	hit
196463.4	68	5	4	49	-	6	hit
196463.4	68	4	4	54	-	6	hit
196463.4	68	3	2	57	-	6	hit
196463.4	68	2	2	61	-	6	hit
196463.4	68	1	2	66	-	6	hit
196646.3	68	6	2	42	-	6	hit
196646.3	68	5	4	49	-	6	hit
196646.3	68	4	4	54	-	6	hit
196646.3	68	3	2	57	-	6	hit
196646.3	68	2	2	61	-	6	hit
196646.3	68	1	2	66	-	6	hit
196829.3	68	6	2	42	-	6	hit
196829.3	68	5	4	49	-	6	hit
196829.3	68	4	4	54	-	6	hit
196829.3	68	3	2	57	-	6	hit
196829.3	68	2	2	61	-	6	hit
196829.3	68	1	2	66	-	6	hit
197195.1	68	6	2	42	-	6	hit
197195.1	68	5	4	49	-	6	hit
197195.1	68	4	4	54	-	6	hit
197195.1	68	3	2	57	-	6	hit
197195.1	68	2	2	61	-	6	hit
197195.1	68	1	2	66	-	6	hit
197561.0	68	6	2	42	-	6	hit
197561.0	68	5	4	49	-	6	hit
197561.0	68	4	4	54	-	6	hit
197561.0	68	3	2	57	-	6	hit
197561.0	68	2	2	61	-	6	hit
197561.0	68	1	2	66	-	6	hit
197743.9	68	6	2	42	-	6	hit
197743.9	68	5	4	49	-	6	hit
197743.9	68	4	4	54	-	6	hit
197743.9	68	3	2	57	-	6	hit
197743.9	68	2	2	61	-	6	hit
197743.9	68	1	2	66	-	6	hit
197926.8	68	6	2	42	-	6	hit
197926.8	68	5	4	49	-	6	hit
197926.8	68	4	4	54	-	6	hit
197926.8	68	3	2	57	-	6	hit
197926.8	68	2	2	61	-	6	hit
197926.8	68	1	2	66	-	6	hit
198292.7	68	6	2	42	-	6	hit
198292.7	68	5	4	49	-	6	hit
198292.7	68	4	4	54	-	6	hit
198292.7	68	3	2	57	-	6	hit
198292.7	68	2	2	61	-	6	hit
198292.7	68	1	2	66	-	6	hit
198658.5	68	6	2	42	-	6	hit
198658.5	68	5	4	49	-	6	hit
198658.5	68	4	4	54	-	6	hit
198658.5	68	3	2	57	-	6	hit
198658.5	68	2	2	61	-	6	hit
198658.5	68	1	2	66	-	6	hit
198841.5	68	6	2	42	-	6	hit
198841.5	68	5	4	49	-	6	hit
198841.5	68	4	4	54	-	6	hit
198841.5	68	3	2	57	-	6	hit
198841.5	68	2	2	61	-	6	hit
198841.5	68	1	2	66	-	6	hit
199024.4	69	6	2	42	-	6	hit
199024.4	69	5	4	49	-	6	hit
199024.4	69	4	4	54	-	6	hit
199024.4	69	3	2	57	-	6	hit
199024.4	69	2	2	61	-	6	hit
199024.4	69	1	2	66	-	6	hit
199390.2	69	6	2	42	-	6	hit
199390.2	69	5	4	49	-	6	hit
199390.2	69	4	4	54	-	6	hit
199390.2	69	3	2	57	-	6	hit
199390.2	69	2	2	61	-	6	hit
199390.2	69	1	2	66	-	6	hit
199573.2	69	6	2	42	-	6	hit
199573.2	69	5	4	49	-	6	hit
199573.2	69	4	4	54	-	6	hit
199573.2	69	3	2	57	-	6	hit
199573.2	69	2	2	61	-	6	hit
199573.2	69	1	2	66	-	6	hit
199756.1	69	6	2	42	-	6	hit
199756.1	69	5	4	49	-	6	hit
199756.1	69	4	4	54	-	6	hit
199756.1	69	3	2	57	-	6	hit
199756.1	69	2	2	61	-	6	hit
199756.1	69	1	2	66	-	6	hit
200122.0	69	6	2	42	-	6	hit
200122.0	69	5	4	49	-	6	hit
200122.0	69	4	4	54	-	6	hit
200122.0	69	3	2	57	-	6	hit
200122.0	69	2	2	61	-	6	hit
200122.0	69	1	2	66	-	6	hit
200487.8	69	6	2	42	-	6	hit
200487.8	69	5	4	49	-	6	hit
200487.8	69	4	4	54	-	6	hit
200487.8	69	3	2	57	-	6	hit
200487.8	69	2	2	61	-	6	hit
200487.8	69	1	2	66	-	6	hit
200670.7	69	6	2	42	-	6	hit
200670.7	69	5	4	49	-	6	hit
200670.7	69	4	4	54	-	6	hit
200670.7	69	3	2	57	-	6	hit
200670.7	69	2	2	61	-	6	hit
200670.7	69	1	2	66	-	6	hit
200853.7	69	6	2	42	-	6	close
200853.7	69	5	4	49	-	6	close
200853.7	69	4	4	54	-	6	close
200853.7	69	3	2	57	-	6	close
200853.7	69	2	2	61	-	6	close
200853.7	69	1	2	66	-	6	close
201219.5	69	6	2	42	-	6	hit
201219.5	69	5	4	49	-	6	hit
201219.5	69	4	4	54	-	6	hit
201219.5	69	3	2	57	-	6	hit
201219.5	69	2	2	61	-	6	hit
201219.5	69	1	2	66	-	6	hit
201585.4	69	6	2	42	-	6	hit
201585.4	69	5	4	49	-	6	hit
201585.4	69	4	4	54	-	6	hit
201585.4	69	3	2	57	-	6	hit
201585.4	69	2	2	61	-	6	hit
201585.4	69	1	2	66	-	6	hit
201768.3	69	6	2	42	-	6	hit
201768.3	69	5	4	49	-	6	hit
201768.3	69	4	4	54	-	6	hit
201768.3	69	3	2	57	-	6	hit
201768.3	69	2	2	61	-	6	hit
201768.3	69	1	2	66	-	6	hit
201951.2	70	6	2	42	-	6	hit
201951.2	70	5	4	49	-	6	hit
201951.2	70	4	4	54	-	6	hit
201951.2	70	3	2	57	-	6	hit
201951.2	70	2	2	61	-	6	hit
201951.2	70	1	2	66	-	6	hit
